start,end,visitor,from_country,description,source,year,is_hogs,visit_id
2013-01-10,2013-01-11,President Hamid Karzai,Afghanistan,Working visit.,US State Dept Office of the Historian,2013,True,USIN-0001
2013-02-22,2013-02-22,Prime Minister Shinzō Abe,Japan,Working visit.,US State Dept Office of the Historian,2013,True,USIN-0002
2013-03-11,2013-03-12,Sultan Hassinal Bolkiah,Brunei,Working visit.,US State Dept Office of the Historian,2013,True,USIN-0003
2013-03-19,2013-03-20,Prime Minister Enda Kenny,Ireland,Working visit.,US State Dept Office of the Historian,2013,True,USIN-0004
2013-03-28,2013-03-28,President Ernest Koroma,Sierra Leone,Attended African Leaders Summit.,US State Dept Office of the Historian,2013,True,USIN-0005
2013-03-28,2013-03-28,President Macky Sall,Senegal,Attended African Leaders Summit.,US State Dept Office of the Historian,2013,True,USIN-0006
2013-03-28,2013-03-28,President Joyce Banda,Malawi,Attended African Leaders Summit.,US State Dept Office of the Historian,2013,True,USIN-0007
2013-03-28,2013-03-28,Prime Minister Jose Maria Pereira Neves,Cape Verde,Attended African Leaders Summit.,US State Dept Office of the Historian,2013,True,USIN-0008
2013-04-02,2013-04-03,Prime Minister Lee Hsien Loong,Singapore,Working visit.,US State Dept Office of the Historian,2013,True,USIN-0009
2013-04-23,2013-04-23,Amir Hamad bin Khalifa al-Thani,Qatar,Working visit.,US State Dept Office of the Historian,2013,True,USIN-0010
2013-04-24,2013-04-26,King Abdullah II,Jordan,Working visit.,US State Dept Office of the Historian,2013,True,USIN-0011
2013-05-06,2013-05-08,President Park Geun-Hye,South Korea,Working visit.,US State Dept Office of the Historian,2013,True,USIN-0012
2013-05-12,2013-05-13,Prime Minister David Cameron,United Kingdom,Working visit.,US State Dept Office of the Historian,2013,True,USIN-0013
2013-05-14,2013-05-17,Prime Minister Recep Tayyip Erdoğan,Turkey,Working visit.,US State Dept Office of the Historian,2013,True,USIN-0014
2013-05-19,2013-05-21,President Thein Sein,Burma,Working visit.,US State Dept Office of the Historian,2013,True,USIN-0015
2013-06-02,2013-06-04,President Sebastian Pinera,Chile,Working visit.,US State Dept Office of the Historian,2013,True,USIN-0016
2013-06-07,2013-06-08,President Xi Jinping,"China, People’s Republic of","Met with President Obama at Rancho Mirage, California.",US State Dept Office of the Historian,2013,True,USIN-0017
2013-06-10,2013-06-12,President Ollanta Humala,Peru,Working visit.,US State Dept Office of the Historian,2013,True,USIN-0018
2013-07-24,2013-07-25,President Truong Tan Sang,Vietnam,Working visit.,US State Dept Office of the Historian,2013,True,USIN-0019
2013-07-29,2013-08-01,President Abd Rabuh Mansur Hadi,Yemen,Working visit.,US State Dept Office of the Historian,2013,True,USIN-0020
2013-08-08,2013-08-08,Prime Minister Antonios Samaras,Greece,Working visit.,US State Dept Office of the Historian,2013,True,USIN-0021
2013-08-30,2013-08-30,President Toomas Ilves,Estonia,Working visit.,US State Dept Office of the Historian,2013,True,USIN-0022
2013-08-30,2013-08-30,President Galia Grybauskaite,Lithuania,Working visit.,US State Dept Office of the Historian,2013,True,USIN-0023
2013-08-30,2013-08-30,President Andris Berzins,Latvia,Working visit.,US State Dept Office of the Historian,2013,True,USIN-0024
2013-09-13,2013-09-13,Amir Sabah al-Ahmed al-Jabir al-Sabah,Kuwait,Working visit.,US State Dept Office of the Historian,2013,True,USIN-0025
2013-09-23,2013-09-23,President Goodluck Jonathan,Nigeria,Met with President Obama at the UN General Assembly in New York City.,US State Dept Office of the Historian,2013,True,USIN-0026
2013-09-24,2013-09-24,President Michel Sleiman,Lebanon,Met with President Obama at the UN General Assembly in New York City.,US State Dept Office of the Historian,2013,True,USIN-0027
2013-09-27,2013-09-27,Prime Minister Manmohan Singh,India,Working visit.,US State Dept Office of the Historian,2013,True,USIN-0028
2013-09-30,2013-09-30,Prime Minister Benjamin Netanyahu,Israel,Working visit.,US State Dept Office of the Historian,2013,True,USIN-0029
2013-10-16,2013-10-17,Prime Minister Enrico Letta,Italy,Working visit.,US State Dept Office of the Historian,2013,True,USIN-0030
2013-10-20,2013-10-23,Prime Minister Mohammed Nawaz Sharif,Pakistan,Working visit.,US State Dept Office of the Historian,2013,True,USIN-0031
2013-10-31,2013-11-01,Prime Minister Nuri al-Maliki,Iraq,Working visit.,US State Dept Office of the Historian,2013,True,USIN-0032
2013-11-22,2013-11-22,King Mohammed VI,Morocco,Working visit.,US State Dept Office of the Historian,2013,True,USIN-0033
2013-12-02,2013-12-04,President Juan Manuel Santos Calderon,Colombia,Working visit.,US State Dept Office of the Historian,2013,True,USIN-0034
2014-01-02,2014-01-02,Prime Minister John P. Key,New Zealand,"Informal meeting at Kanoehe Bay, Hawaii.",US State Dept Office of the Historian,2014,True,USIN-0035
2014-01-13,2014-01-13,Prime Minister Mariano Rajoy,Spain,Working visit.,US State Dept Office of the Historian,2014,True,USIN-0036
2014-02-04,2014-02-07,President Michel Martelly,Haiti,Working visit.,US State Dept Office of the Historian,2014,True,USIN-0037
2014-02-09,2014-02-11,President Francois Hollande,France,"State visit. Visited Monticello (Charlottesville), Virginia, February 10.",US State Dept Office of the Historian,2014,True,USIN-0038
2014-02-12,2014-02-14,King Abdullah II,Jordan,"Included working visit at Rancho Mirage, California February 14.",US State Dept Office of the Historian,2014,True,USIN-0039
2014-02-24,2014-02-26,Prime Minister Irakli Garibashvili,Georgia,Working visit.,US State Dept Office of the Historian,2014,True,USIN-0040
2014-03-02,2014-03-03,Prime Minister Benjamin Netanyahu,Israel,Working visit.,US State Dept Office of the Historian,2014,True,USIN-0041
2014-03-12,2014-03-13,Prime Minister Arseniy Yatsenyuk,Ukraine,Working visit.,US State Dept Office of the Historian,2014,True,USIN-0042
2014-03-14,2014-03-14,Prime Minister Enda Kenny,Ireland,Working visit.,US State Dept Office of the Historian,2014,True,USIN-0043
2014-04-03,2014-04-04,Prime Minister Mehdi Jomaa,Tunisia,Working visit.,US State Dept Office of the Historian,2014,True,USIN-0044
2014-05-02,2014-05-02,Chancellor Angela Merkel,Germany,Working visit.,US State Dept Office of the Historian,2014,True,USIN-0045
2014-05-03,2014-05-07,President Ismail Omar Guelleh,Djibouti,Working visit.,US State Dept Office of the Historian,2014,True,USIN-0046
2014-05-12,2014-05-12,President Jose Mujica,Uruguay,Working visit.,US State Dept Office of the Historian,2014,True,USIN-0047
2014-06-12,2014-06-12,Prime Minister Anthony J. Abbott,Australia,Working visit.,US State Dept Office of the Historian,2014,True,USIN-0048
2014-06-20,2014-06-20,Prime Minister John P. Key,New Zealand,Working visit.,US State Dept Office of the Historian,2014,True,USIN-0049
2014-06-25,2014-06-25,President Shimon Peres,Israel,Working visit.,US State Dept Office of the Historian,2014,True,USIN-0050
2014-06-30,2014-06-30,President Michelle Bachelet,Chile,Working visit.,US State Dept Office of the Historian,2014,True,USIN-0051
2014-07-25,2014-07-25,President Otto Fernandez Perez,Guatemala,Discussed migration of unaccompanied minors.,US State Dept Office of the Historian,2014,True,USIN-0052
2014-07-25,2014-07-25,President Salvador Sanchez,El Salvador,Discussed migration of unaccompanied minors.,US State Dept Office of the Historian,2014,True,USIN-0053
2014-07-25,2014-07-25,President Juan Orlando Hernandez,Honduras,Discussed migration of unaccompanied minors.,US State Dept Office of the Historian,2014,True,USIN-0054
2014-08-05,2014-08-06,President Mohamed Ould Abdel Aziz,Mauritania,Attended the U.S.-Africa Leaders Summit.,US State Dept Office of the Historian,2014,True,USIN-0055
2014-08-05,2014-08-06,Prime Minister Navinchandra Ramgoolam,Mauritius,Attended the U.S.-Africa Leaders Summit.,US State Dept Office of the Historian,2014,True,USIN-0056
2014-08-05,2014-08-06,Prime Minister Abdel-Ilah Benkiran,Morocco,Attended the U.S.-Africa Leaders Summit.,US State Dept Office of the Historian,2014,True,USIN-0057
2014-08-05,2014-08-06,President Ermando Emilio Guebuza,Mozambique,Attended the U.S.-Africa Leaders Summit.,US State Dept Office of the Historian,2014,True,USIN-0058
2014-08-05,2014-08-06,President Hilikepunye Lucas Pohamba,Namibia,Attended the U.S.-Africa Leaders Summit.,US State Dept Office of the Historian,2014,True,USIN-0059
2014-08-05,2014-08-06,President Mahamadou Issoufou,Niger,Attended the U.S.-Africa Leaders Summit.,US State Dept Office of the Historian,2014,True,USIN-0060
2014-08-05,2014-08-06,President Goodluck Jonathan,Nigeria,Attended the U.S.-Africa Leaders Summit.,US State Dept Office of the Historian,2014,True,USIN-0061
2014-08-05,2014-08-06,President Paul Kagame,Rwanda,Attended the U.S.-Africa Leaders Summit.,US State Dept Office of the Historian,2014,True,USIN-0062
2014-08-05,2014-08-06,Prime Minister Gabriel Arcanjo Ferreira da Costa,Sao Tome and Principe,Attended the U.S.-Africa Leaders Summit.,US State Dept Office of the Historian,2014,True,USIN-0063
2014-08-05,2014-08-06,President Macky Sall,Senegal,Attended the U.S.-Africa Leaders Summit.,US State Dept Office of the Historian,2014,True,USIN-0064
2014-08-05,2014-08-06,President Faure Essozimna Gnassingbe,Togo,Attended the U.S.-Africa Leaders Summit.,US State Dept Office of the Historian,2014,True,USIN-0065
2014-08-05,2014-08-06,President Hassan Sheikh Mohamud,Somalia,Attended the U.S.-Africa Leaders Summit.,US State Dept Office of the Historian,2014,True,USIN-0066
2014-08-05,2014-08-06,President Jacob Gedleyihleskisa Zuma,South Africa,Attended the U.S.-Africa Leaders Summit.,US State Dept Office of the Historian,2014,True,USIN-0067
2014-08-05,2014-08-06,President Salva Kiir Mayardit,South Sudan,Attended the U.S.-Africa Leaders Summit.,US State Dept Office of the Historian,2014,True,USIN-0068
2014-08-05,2014-08-06,King Mswati III,Swaziland,Attended the U.S.-Africa Leaders Summit.,US State Dept Office of the Historian,2014,True,USIN-0069
2014-08-05,2014-08-06,President Jakaya Mrisho Kikwete,Tanzania,Attended the U.S.-Africa Leaders Summit.,US State Dept Office of the Historian,2014,True,USIN-0070
2014-08-05,2014-08-06,President Yahya A. J. J. Jammeh,The Gambia,Attended the U.S.-Africa Leaders Summit.,US State Dept Office of the Historian,2014,True,USIN-0071
2014-08-05,2014-08-06,President Ibrahim Boubacar Kieta,Mali,Attended the U.S.-Africa Leaders Summit.,US State Dept Office of the Historian,2014,True,USIN-0072
2014-08-05,2014-08-06,President Mohamed Moncel Marzouki,Tunisia,Attended the U.S.-Africa Leaders Summit.,US State Dept Office of the Historian,2014,True,USIN-0073
2014-08-05,2014-08-06,President Yoweri Museveni,Uganda,Attended the U.S.-Africa Leaders Summit.,US State Dept Office of the Historian,2014,True,USIN-0074
2014-08-05,2014-08-06,President James Alix Michel,Seychelles,Attended the U.S.-Africa Leaders Summit.,US State Dept Office of the Historian,2014,True,USIN-0075
2014-08-05,2014-08-06,President Arthur Peter Mutharika,Malawi,Attended the U.S.-Africa Leaders Summit.,US State Dept Office of the Historian,2014,True,USIN-0076
2014-08-05,2014-08-06,President Alpha Conde,Guinea,Attended the U.S.-Africa Leaders Summit.,US State Dept Office of the Historian,2014,True,USIN-0077
2014-08-05,2014-08-06,Prime Minister Abdalla Alteni,Libya,Attended the U.S.-Africa Leaders Summit.,US State Dept Office of the Historian,2014,True,USIN-0078
2014-08-05,2014-08-06,Prime Minister Abdelmalik Sellal,Algeria,Attended the U.S.-Africa Leaders Summit.,US State Dept Office of the Historian,2014,True,USIN-0079
2014-08-05,2014-08-06,President Boni Yayi,Benin,Attended the U.S.-Africa Leaders Summit.,US State Dept Office of the Historian,2014,True,USIN-0080
2014-08-05,2014-08-06,President Blaise Compaore,Burkina Faso,Attended the U.S.-Africa Leaders Summit.,US State Dept Office of the Historian,2014,True,USIN-0081
2014-08-05,2014-08-06,President Pierre Nkurunziza,Burundi,Attended the U.S.-Africa Leaders Summit.,US State Dept Office of the Historian,2014,True,USIN-0082
2014-08-05,2014-08-06,President Jorge Carlos de Almeida,Cabo Verde,Attended the U.S.-Africa Leaders Summit.,US State Dept Office of the Historian,2014,True,USIN-0083
2014-08-05,2014-08-06,President Paul Biya,Cameroon,Attended the U.S.-Africa Leaders Summit.,US State Dept Office of the Historian,2014,True,USIN-0084
2014-08-05,2014-08-06,President Ikililou Dhoinine,Comoros,Attended the U.S.-Africa Leaders Summit.,US State Dept Office of the Historian,2014,True,USIN-0085
2014-08-05,2014-08-06,Prime Minister Daniel Kablan Duncan,Cote d’Ivoire,Attended the U.S.-Africa Leaders Summit.,US State Dept Office of the Historian,2014,True,USIN-0086
2014-08-05,2014-08-06,President Joseph Kabila,"Congo, Democratic Republic of",Attended the U.S.-Africa Leaders Summit.,US State Dept Office of the Historian,2014,True,USIN-0087
2014-08-05,2014-08-06,President Denis Sassou-Nguesso,"Congo, Republic of",Attended the U.S.-Africa Leaders Summit.,US State Dept Office of the Historian,2014,True,USIN-0088
2014-08-05,2014-08-06,President Idriss Deby,Chad,Attended the U.S.-Africa Leaders Summit.,US State Dept Office of the Historian,2014,True,USIN-0089
2014-08-05,2014-08-06,Prime Minister Ibrahim Mahlab,Egypt,Attended the U.S.-Africa Leaders Summit.,US State Dept Office of the Historian,2014,True,USIN-0090
2014-08-05,2014-08-06,President Ismail Omar Guelleh,Djibouti,Attended the U.S.-Africa Leaders Summit.,US State Dept Office of the Historian,2014,True,USIN-0091
2014-08-05,2014-08-06,President Uhuru Kenyatta,Kenya,Attended the U.S.-Africa Leaders Summit.,US State Dept Office of the Historian,2014,True,USIN-0092
2014-08-05,2014-08-06,President Jose Mario Vaz,Guinea-Bissau,Attended the U.S.-Africa Leaders Summit.,US State Dept Office of the Historian,2014,True,USIN-0093
2014-08-05,2014-08-06,President Hery Rajaonarimampianina,Madagascar,Attended the U.S.-Africa Leaders Summit.,US State Dept Office of the Historian,2014,True,USIN-0094
2014-08-05,2014-08-06,Prime Minister Motsoahae Thomas Thabane,Lesotho,Attended the U.S.-Africa Leaders Summit.,US State Dept Office of the Historian,2014,True,USIN-0095
2014-08-05,2014-08-06,President Ali Bongo Ondimba,Gabon,Attended the U.S.-Africa Leaders Summit.,US State Dept Office of the Historian,2014,True,USIN-0096
2014-08-05,2014-08-06,Prime Minister Hailemariam Desalegn Boshe,Ethiopia,Attended the U.S.-Africa Leaders Summit.,US State Dept Office of the Historian,2014,True,USIN-0097
2014-08-05,2014-08-06,President Teodoro Obiang Nguema,Equatorial Guinea,Attended the U.S.-Africa Leaders Summit.,US State Dept Office of the Historian,2014,True,USIN-0098
2014-08-05,2014-08-06,President John Dramani Mahama,Ghana,Attended the U.S.-Africa Leaders Summit.,US State Dept Office of the Historian,2014,True,USIN-0099
2014-09-18,2014-09-18,President Petro Poroshenko,Ukraine,Working visit.,US State Dept Office of the Historian,2014,True,USIN-0100
2014-09-23,2014-09-23,King Abdullah II,Jordan,Met with President Obama at the UN General Assembly Meeting in New York City.,US State Dept Office of the Historian,2014,True,USIN-0101
2014-09-23,2014-09-24,Prime Minister Haidar al-Abadi,Iraq,Met with President Obama at the UN General Assembly Meeting in New York City.,US State Dept Office of the Historian,2014,True,USIN-0102
2014-09-25,2014-09-25,Prime Minister Hailemariam Desalegn,Ethiopia,Met with President Obama at the UN General Assembly Meeting in New York City.,US State Dept Office of the Historian,2014,True,USIN-0103
2014-09-25,2014-09-25,President Abdelfattah Said Elsisi,Egypt,Met with President Obama at the UN General Assembly Meeting in New York City.,US State Dept Office of the Historian,2014,True,USIN-0104
2014-09-29,2014-09-30,Prime Minister Narendra Modi,India,Working visit.,US State Dept Office of the Historian,2014,True,USIN-0105
2014-10-01,2014-10-01,Prime Minister Benjamin Netanyahu,Israel,Working visit.,US State Dept Office of the Historian,2014,True,USIN-0106
2014-11-17,2014-11-17,Prime Minister Bohuslav Sobotka,Czech Republic,Working visit.,US State Dept Office of the Historian,2014,True,USIN-0107
2014-12-05,2014-12-05,King Abdullah II,Jordan,Working visit.,US State Dept Office of the Historian,2014,True,USIN-0108
2014-12-24,2014-12-24,Prime Minister Najib Razak,Malaysia,Played golf with President Obama while both were vacationing in Oahu.,US State Dept Office of the Historian,2014,True,USIN-0109
2015-01-06,2015-01-06,President Enrique Pena Nieto,Mexico,Official Working Visit.,US State Dept Office of the Historian,2015,True,USIN-0110
2015-01-15,2015-01-16,Prime Minister David Cameron,United Kingdom,Official Working Visit.,US State Dept Office of the Historian,2015,True,USIN-0111
2015-02-03,2015-02-03,King Abdullah II,Jordan,Official Working Visit.,US State Dept Office of the Historian,2015,True,USIN-0112
2015-02-09,2015-02-09,Chancellor Angela Merkel,Germany,Official Working Visit.,US State Dept Office of the Historian,2015,True,USIN-0113
2015-02-24,2015-02-24,Amir Tamim bin Hamad al-Thani,Qatar,Official Working Visit.,US State Dept Office of the Historian,2015,True,USIN-0114
2015-02-27,2015-02-27,President Ellen Johnson Sirleaf,Liberia,Official Working Visit.,US State Dept Office of the Historian,2015,True,USIN-0115
2015-03-17,2015-03-17,Prime Minister Enda Kenny,Ireland,Official Working Visit.,US State Dept Office of the Historian,2015,True,USIN-0116
2015-03-23,2015-03-24,President Ashraf Ghani Ahmedzai,Afghanistan,Official Working Visit.,US State Dept Office of the Historian,2015,True,USIN-0117
2015-04-14,2015-04-14,Prime Minister Haidar al-Abadi,Iraq,Official Working Visit.,US State Dept Office of the Historian,2015,True,USIN-0118
2015-04-15,2015-04-15,President Ellen Johnson Sirleaf,Liberia,Attended the Africa Leaders Ebola Meeting.,US State Dept Office of the Historian,2015,True,USIN-0119
2015-04-15,2015-04-15,President Alpha Conde,Guinea,Attended the Africa Leaders Ebola Meeting,US State Dept Office of the Historian,2015,True,USIN-0120
2015-04-15,2015-04-15,President Ernest Bai Koroma,Sierra Leone,Attended the Africa Leaders Ebola Meeting.,US State Dept Office of the Historian,2015,True,USIN-0121
2015-04-17,2015-04-17,Prime Minister Matteo Renzi,Italy,Official Working Visit.,US State Dept Office of the Historian,2015,True,USIN-0122
2015-04-27,2015-04-28,Prime Minister Shinzō Abe,Japan,Official Visit.,US State Dept Office of the Historian,2015,True,USIN-0123
2015-05-13,2015-05-15,Amir Sheik Sabah al-Ahmed al-Jaber al-Sabah,Kuwait,"Attended a Summit at Camp David, MD, for Gulf Cooperation Council members on Countering Violent Extremism.",US State Dept Office of the Historian,2015,True,USIN-0124
2015-05-13,2015-05-15,Amir Sheikh Tameem bin Hamad al-Thani,Qatar,"Attended a Summit at Camp David, MD, for Gulf Cooperation Council Members on Countering Violent Extremism.",US State Dept Office of the Historian,2015,True,USIN-0125
2015-05-20,2015-05-21,President Beji Caid Essebsi,Tunisia,Official Working Visit.,US State Dept Office of the Historian,2015,True,USIN-0126
2015-06-01,2015-06-01,King Willem-Alexander,Netherlands,Official Working Visit.,US State Dept Office of the Historian,2015,True,USIN-0127
2015-06-29,2015-06-30,President Dilma Rousseff,Brazil,Official Working Visit.,US State Dept Office of the Historian,2015,True,USIN-0128
2015-07-13,2015-07-13,Prime Minister Arseniy Yatsenyuk,Ukraine,Official Working Visit.,US State Dept Office of the Historian,2015,True,USIN-0129
2015-07-20,2015-07-21,President Muhammedu Buhari,Nigeria,Official Working Visit.,US State Dept Office of the Historian,2015,True,USIN-0130
2015-09-04,2015-09-04,King Salman bin Abdel Aziz bin-Saud,Saudi Arabia,Official Working Visit.,US State Dept Office of the Historian,2015,True,USIN-0131
2015-09-15,2015-09-15,King Felipe VI,Spain,Official Working Visit.,US State Dept Office of the Historian,2015,True,USIN-0132
2015-09-22,2015-09-24,Pope Francis,Vatican City,State Visit. Addressed Joint Session of Congress Sept. 24. Also visited New York City (addressed UN General Assembly Sept. 25) and Philadelphia (attended World Meeting of Families). Departed the U.S. Sept. 27.,US State Dept Office of the Historian,2015,True,USIN-0133
2015-09-24,2015-09-25,President Xi Jinping,"China, People’s Republic of",State Visit.,US State Dept Office of the Historian,2015,True,USIN-0134
2015-09-28,2015-09-28,President Vladimir Putin,Russia,Met with President Obama at the UN General Assembly Meeting in New York City.,US State Dept Office of the Historian,2015,True,USIN-0135
2015-09-29,2015-09-29,President Raul Castro,Cuba,Met with President Obama at the UN General Assembly Meeting in New York City.,US State Dept Office of the Historian,2015,True,USIN-0136
2015-09-29,2015-09-29,Prime Minister Haidar al-Abadi,Iraq,Met with President Obama at the UN General Assembly Meeting in New York City.,US State Dept Office of the Historian,2015,True,USIN-0137
2015-09-29,2015-09-29,President Nursultan Nazarbayev,Kazakhstan,Met with President Obama at the UN General Assembly Meeting in New York City.,US State Dept Office of the Historian,2015,True,USIN-0138
2015-10-07,2015-10-07,President Joachim Gauck,Germany,Official Working Visit.,US State Dept Office of the Historian,2015,True,USIN-0139
2015-10-16,2015-10-16,President Park Geun-hye,South Korea,Official Working Visit.,US State Dept Office of the Historian,2015,True,USIN-0140
2015-10-22,2015-10-22,Prime Minister Mohammed Nawaz Sharif,Pakistan,Official Working Visit.,US State Dept Office of the Historian,2015,True,USIN-0141
2015-10-26,2015-10-26,President Joko Widodo,Indonesia,Official Working Visit.,US State Dept Office of the Historian,2015,True,USIN-0142
2015-11-09,2015-11-09,Prime Minister Benjamin Netanyahu,Israel,Official Working Visit.,US State Dept Office of the Historian,2015,True,USIN-0143
2015-11-24,2015-11-24,President Francois Hollande,France,Official Working Visit.,US State Dept Office of the Historian,2015,True,USIN-0144
2015-12-08,2015-12-09,President Reuven Rivlin,Israel,Official Working Visit.,US State Dept Office of the Historian,2015,True,USIN-0145
2016-01-16,2016-01-16,King Abdullah II,Jordan,"Met with President Obama at Andrews Air Force Base, MD.",US State Dept Office of the Historian,2016,True,USIN-0146
2016-01-19,2016-01-19,Prime Minister Malcolm B. Turnbull,Australia,Working Lunch.,US State Dept Office of the Historian,2016,True,USIN-0147
2016-02-04,2016-02-04,President Juan Manuel Santos Calderon,Colombia,Official Working Visit.,US State Dept Office of the Historian,2016,True,USIN-0148
2016-02-08,2016-02-08,President Sergio Mattarella,Italy,Official Working Visit.,US State Dept Office of the Historian,2016,True,USIN-0149
2016-02-16,2016-02-18,Sultan Hassan al Bolkiah,Brunei,"Attended the ASEAN Leaders Summit at Sunnylands, CA.",US State Dept Office of the Historian,2016,True,USIN-0150
2016-02-16,2016-02-18,Prime Minister Hun Sen,Cambodia,"Attended the ASEAN Leaders Summit at Sunnylands, CA.",US State Dept Office of the Historian,2016,True,USIN-0151
2016-02-16,2016-02-18,President Joko Widodo,Indonesia,"Attended the ASEAN Leaders Summit at Sunnylands, CA.",US State Dept Office of the Historian,2016,True,USIN-0152
2016-02-16,2016-02-18,President Choummaly Sayasone,Laos,"Attended the ASEAN Leaders Summit at Sunnylands, CA.",US State Dept Office of the Historian,2016,True,USIN-0153
2016-02-16,2016-02-18,Prime Minister Mohd Najid Razak,Malaysia,"Attended the ASEAN Leaders Summit at Sunnylands, CA.",US State Dept Office of the Historian,2016,True,USIN-0154
2016-02-16,2016-02-18,"President Benigno S. Aquino, 3rd",Philippines,"Attended the ASEAN Leaders Summit at Sunnylands, CA.",US State Dept Office of the Historian,2016,True,USIN-0155
2016-02-16,2016-02-18,Prime Minister Lee Hsien Loong,Singapore,"Attended the ASEAN Leaders Summit at Sunnylands, CA.",US State Dept Office of the Historian,2016,True,USIN-0156
2016-02-16,2016-02-18,Prime Minister Prayut Chan-O-Cha,Thailand,"Attended the ASEAN Leaders Summit at Sunnylands, CA.",US State Dept Office of the Historian,2016,True,USIN-0157
2016-02-16,2016-02-18,Prime Minister Nguyen Tan Dung,Vietnam,"Attended the ASEAN Leaders Summit at Sunnylands, CA.",US State Dept Office of the Historian,2016,True,USIN-0158
2016-02-24,2016-02-24,King Abdullah II,Jordan,Official Working Visit.,US State Dept Office of the Historian,2016,True,USIN-0159
2016-03-10,2016-03-10,Prime Minister Justin P. J. Trudeau,Canada,Official Visit.,US State Dept Office of the Historian,2016,True,USIN-0160
2016-03-15,2016-03-17,Prime Minister Enda Kenny,Ireland,Official Working Visit.,US State Dept Office of the Historian,2016,True,USIN-0161
2016-03-31,2016-04-01,Prime Minister David Cameron,United Kingdom,Attended the Nuclear Security Summit.,US State Dept Office of the Historian,2016,True,USIN-0162
2016-03-31,2016-04-01,President Petro Porochenko,Ukraine,Attended the Nuclear Security Summit.,US State Dept Office of the Historian,2016,True,USIN-0163
2016-03-31,2016-04-01,President Recep Tayyip Erdoğan,Turkey,Attended the Nuclear Security Summit.,US State Dept Office of the Historian,2016,True,USIN-0164
2016-03-31,2016-04-01,Prime Minister Prayut Chan-O-Cha,Thailand,Attended the Nuclear Security Summit.,US State Dept Office of the Historian,2016,True,USIN-0165
2016-03-31,2016-04-01,President Johann N. Schneider Ammann,Switzerland,Attended the Nuclear Security Summit.,US State Dept Office of the Historian,2016,True,USIN-0166
2016-03-31,2016-04-01,Prime Minister Lee Hsien Loong,Singapore,Attended the Nuclear Security Summit.,US State Dept Office of the Historian,2016,True,USIN-0167
2016-03-31,2016-04-01,President Klaus Werner Iohannis,Romania,Attended the Nuclear Security Summit.,US State Dept Office of the Historian,2016,True,USIN-0168
2016-03-31,2016-04-01,President Andrzej Duda,Poland,Attended the Nuclear Security Summit.,US State Dept Office of the Historian,2016,True,USIN-0169
2016-03-31,2016-04-01,Prime Minister Erna Solberg,Norway,Attended the Nuclear Security Summit.,US State Dept Office of the Historian,2016,True,USIN-0170
2016-03-31,2016-04-01,President Muhammadu Buhari,Nigeria,Attended the Nuclear Security Summit.,US State Dept Office of the Historian,2016,True,USIN-0171
2016-03-31,2016-04-01,Prime Minister John Key,New Zealand,Attended the Nuclear Security Summit.,US State Dept Office of the Historian,2016,True,USIN-0172
2016-03-31,2016-04-01,Prime Minister Mark Rutte,Netherlands,Attended the Nuclear Security Summit.,US State Dept Office of the Historian,2016,True,USIN-0173
2016-03-31,2016-04-01,President Enrique Pena Nieto,Mexico,Attended the Nuclear Security Summit.,US State Dept Office of the Historian,2016,True,USIN-0174
2016-03-31,2016-04-01,President Dalia Grybauskaite,Lithuania,Attended the Nuclear Security Summit.,US State Dept Office of the Historian,2016,True,USIN-0175
2016-03-31,2016-04-01,President Park Geun-hye,South Korea,Attended the Nuclear Security Summit.,US State Dept Office of the Historian,2016,True,USIN-0176
2016-03-31,2016-04-01,King Abdullah II,Jordan,Attended the Nuclear Security Summit.,US State Dept Office of the Historian,2016,True,USIN-0177
2016-03-31,2016-04-01,President Nursultan Nazarbayev,Kazakhstan,Attended the Nuclear Security Summit.,US State Dept Office of the Historian,2016,True,USIN-0178
2016-03-31,2016-04-01,Prime Minister Matteo Renzi,Italy,Attended the Nuclear Security Summit.,US State Dept Office of the Historian,2016,True,USIN-0179
2016-03-31,2016-04-01,Prime Minister Abdelmalek Sellal,Algeria,Attended the Nuclear Security Summit.,US State Dept Office of the Historian,2016,True,USIN-0180
2016-03-31,2016-04-01,President Mauricio Macri,Argentina,Attended the Nuclear Security Summit.,US State Dept Office of the Historian,2016,True,USIN-0181
2016-03-31,2016-04-01,President Serzh Sargsyan,Armenia,Attended the Nuclear Security Summit.,US State Dept Office of the Historian,2016,True,USIN-0182
2016-03-31,2016-04-01,President Ilham Aliyev,Azerbaijan,Attended the Nuclear Security Summit.,US State Dept Office of the Historian,2016,True,USIN-0183
2016-03-31,2016-04-01,Prime Minister Justin P. J. Trudeau,Canada,Attended the Nuclear Security Summit.,US State Dept Office of the Historian,2016,True,USIN-0184
2016-03-31,2016-04-01,President Michelle Bachelet,Chile,Attended the Nuclear Security Summit.,US State Dept Office of the Historian,2016,True,USIN-0185
2016-03-31,2016-04-01,President Xi Jinping,"China, People’s Republic of",Attended the Nuclear Security Summit.,US State Dept Office of the Historian,2016,True,USIN-0186
2016-03-31,2016-04-01,Prime Minister Bohuslav Sobotka,Czech Republic,Attended the Nuclear Security Summit.,US State Dept Office of the Historian,2016,True,USIN-0187
2016-03-31,2016-04-01,President Sauli Niinistö,Finland,Attended the Nuclear Security Summit.,US State Dept Office of the Historian,2016,True,USIN-0188
2016-03-31,2016-04-01,President Francois Hollande,France,Attended the Nuclear Security Summit.,US State Dept Office of the Historian,2016,True,USIN-0189
2016-03-31,2016-04-01,President Ali Bongo Ondimba,Gabon,Attended the Nuclear Security Summit.,US State Dept Office of the Historian,2016,True,USIN-0190
2016-03-31,2016-04-01,President Giorgi Margvelashvili,Georgia,Attended the Nuclear Security Summit.,US State Dept Office of the Historian,2016,True,USIN-0191
2016-03-31,2016-04-01,Prime Minister Viktor Orban,Hungary,Attended the Nuclear Security Summit.,US State Dept Office of the Historian,2016,True,USIN-0192
2016-03-31,2016-04-01,Prime Minister Narendra Modi,India,Attended the Nuclear Security Summit.,US State Dept Office of the Historian,2016,True,USIN-0193
2016-03-31,2016-04-01,Prime Minister Lars Lokke Rasmussen,Denmark,Attended the Nuclear Security Summit.,US State Dept Office of the Historian,2016,True,USIN-0194
2016-03-31,2016-04-01,Prime Minister Shinzō Abe,Japan,Attended the Nuclear Security Summit.,US State Dept Office of the Historian,2016,True,USIN-0195
2016-05-13,2016-05-13,Prime Minister Lars Lokke Rasmussen,Denmark,Attended the U.S.-Nordic Leaders Summit.,US State Dept Office of the Historian,2016,True,USIN-0196
2016-05-13,2016-05-13,Prime Minister Sigurd Ingi Johannsson,Iceland,Attended the U.S.-Nordic Leaders Summit.,US State Dept Office of the Historian,2016,True,USIN-0197
2016-05-13,2016-05-13,Prime Minister Erna Solberg,Norway,Attended the U.S.- Nordic Leaders Summit.,US State Dept Office of the Historian,2016,True,USIN-0198
2016-05-13,2016-05-13,President Sauli Niinistö,Finland,Attended the U.S.- Nordic Leaders Summit.,US State Dept Office of the Historian,2016,True,USIN-0199
2016-05-13,2016-05-13,Prime Minister Stefan Löfven,Sweden,Attended the U.S.-Nordic Leaders Summit.,US State Dept Office of the Historian,2016,True,USIN-0200
2016-06-07,2016-06-07,Prime Minister Narendra Modi,India,Working lunch.,US State Dept Office of the Historian,2016,True,USIN-0201
2016-07-22,2016-07-22,President Enrique Pena Nieto,Mexico,Official Working Visit.,US State Dept Office of the Historian,2016,True,USIN-0202
2016-08-02,2016-08-02,Prime Minister Lee Hsien Loong,Singapore,Official Working Visit.,US State Dept Office of the Historian,2016,True,USIN-0203
2016-09-19,2016-09-19,Prime Minister Li Keqiang,"China, People’s Republic of",Met with President Obama at the UN General Assembly meeting in New York City.,US State Dept Office of the Historian,2016,True,USIN-0204
2016-09-19,2016-09-19,Prime Minister Malcolm B. Turnbull,Australia,Met with President Obama at the UN General Assembly meeting in New York City.,US State Dept Office of the Historian,2016,True,USIN-0205
2016-10-18,2016-10-18,Prime Minister Matteo Renzi,Italy,State Dinner.,US State Dept Office of the Historian,2016,True,USIN-0206
2016-11-17,2016-11-17,Prime Minister Shinzō Abe,Japan,Met with President-elect Donald J. Trump in New York City.,US State Dept Office of the Historian,2016,True,USIN-0207
2016-12-27,2016-12-27,Prime Minister Shinzō Abe,Japan,"Attended a memorial service at the U.S.S. Arizona Memorial, Pearl Harbor, Hawaii.",US State Dept Office of the Historian,2016,True,USIN-0208
2017-01-27,2017-01-27,Prime Minister Theresa May,United Kingdom,Official Working Visit.,US State Dept Office of the Historian,2017,True,USIN-0209
2017-02-02,2017-02-02,King Abdullah II,Jordan,Official Working Visit.,US State Dept Office of the Historian,2017,True,USIN-0210
2017-02-10,2017-02-12,Prime Minister Shinzō Abe,Japan,"Official Working Visit. Also visited Mar-a-Lago, Florida.",US State Dept Office of the Historian,2017,True,USIN-0211
2017-02-13,2017-02-13,Prime Minister Justin Trudeau,Canada,Official Working Visit.,US State Dept Office of the Historian,2017,True,USIN-0212
2017-02-14,2017-02-15,Prime Minister Benjamin Netanyahu,Israel,Official Working Visit.,US State Dept Office of the Historian,2017,True,USIN-0213
2017-02-24,2017-02-24,President Pedro Pablo Kuczynski,Peru,Official Working Visit.,US State Dept Office of the Historian,2017,True,USIN-0214
2017-03-16,2017-03-17,Prime Minister Enda Kenny,Ireland,Official Working Visit.,US State Dept Office of the Historian,2017,True,USIN-0215
2017-03-17,2017-03-17,Chancellor Angela Merkel,Germany,Official Working Visit.,US State Dept Office of the Historian,2017,True,USIN-0216
2017-03-20,2017-03-20,Prime MinisterHaidar al- Abadi,Iraq,Official Working Visit.,US State Dept Office of the Historian,2017,True,USIN-0217
2017-04-03,2017-04-03,President Abdel Fattah al-Sisi,Egypt,Official Working Visit.,US State Dept Office of the Historian,2017,True,USIN-0218
2017-04-04,2017-04-06,King Abdullah II,Jordan,Official Working Visit.,US State Dept Office of the Historian,2017,True,USIN-0219
2017-04-06,2017-04-07,President Xi Jinping,"China, People’s Republic of","Met with President Trump at Mar-a-Lago, Florida.",US State Dept Office of the Historian,2017,True,USIN-0220
2017-04-20,2017-04-20,Prime Minister Paolo Gentiloni,Italy,Official Working Visit.,US State Dept Office of the Historian,2017,True,USIN-0221
2017-04-27,2017-04-27,President Mauricio Macri,Argentina,Working luncheon.,US State Dept Office of the Historian,2017,True,USIN-0222
2017-05-04,2017-05-04,Prime Minister Malcolm B. Turnbull,Australia,Met with President Trump at the U.S.S. Intrepid Museum in New York City.,US State Dept Office of the Historian,2017,True,USIN-0223
2017-05-16,2017-05-16,President Recep Tayyip Erdoğan,Turkey,Official Working Visit.,US State Dept Office of the Historian,2017,True,USIN-0224
2017-05-18,2017-05-18,President Juan Manuel Santos,Colombia,Official Working Visit.,US State Dept Office of the Historian,2017,True,USIN-0225
2017-05-31,2017-05-31,Prime Minister Nguyen Xuan Phuc,Vietnam,Official Working Visit.,US State Dept Office of the Historian,2017,True,USIN-0226
2017-06-09,2017-06-09,President Klaus Iohannis,Romania,Official Working Visit.,US State Dept Office of the Historian,2017,True,USIN-0227
2017-06-15,2017-06-16,President Jimmy Morales,Guatemala,"Attended the Conference on Prosperity and Security in Central America, in Washington and in Doral, Florida.",US State Dept Office of the Historian,2017,True,USIN-0228
2017-06-15,2017-06-16,President Juan Hernando Hernandez,Honduras,"Attended the Conference on Prosperity and Security in Central America, in Washington and in Doral, Florida.",US State Dept Office of the Historian,2017,True,USIN-0229
2017-06-19,2017-06-19,President Juan Carlos Varela,Panama,Official Working Visit.,US State Dept Office of the Historian,2017,True,USIN-0230
2017-06-20,2017-06-20,President Petro Poroshenko,Ukraine,Official Working Visit.,US State Dept Office of the Historian,2017,True,USIN-0231
2017-06-25,2017-06-26,Prime Minister Narendra Modi,India,Official Working Visit.,US State Dept Office of the Historian,2017,True,USIN-0232
2017-06-29,2017-06-30,President Moon Jae-in,"Korea, South",Official Working Visit.,US State Dept Office of the Historian,2017,True,USIN-0233
2017-07-25,2017-07-25,Prime Minister Sa’ad al-Hariri,Lebanon,Official Working Visit.,US State Dept Office of the Historian,2017,True,USIN-0234
2017-08-28,2017-08-28,President Sauli Niinistö,Finland,Official Working Visit.,US State Dept Office of the Historian,2017,True,USIN-0235
2017-09-07,2017-09-07,Amir Sabah al-Ahmed al-Jabir al-Sabah,Kuwait,Official Working Visit.,US State Dept Office of the Historian,2017,True,USIN-0236
2017-09-12,2017-09-12,Prime Minister Najib Razak,Malaysia,Official Working Visit.,US State Dept Office of the Historian,2017,True,USIN-0237
2017-09-26,2017-09-26,Prime Minister Mariano Rajoy,Spain,Official Working Visit.,US State Dept Office of the Historian,2017,True,USIN-0238
2017-09-28,2017-09-28,Prime Minister Benjamin Netanyahu,Israel,Met with President Trump at the UN General Assembly in New York City.,US State Dept Office of the Historian,2017,True,USIN-0239
2017-10-02,2017-10-03,Prime Minister Prayut Chan-o-Cha,Thailand,Official Working Visit.,US State Dept Office of the Historian,2017,True,USIN-0240
2017-10-11,2017-10-11,Prime Minister Justin P. J. Trudeau,Canada,Official Working Visit.,US State Dept Office of the Historian,2017,True,USIN-0241
2017-10-17,2017-10-17,Prime Minister Alexios Tsipras,Greece,Official Working Visit.,US State Dept Office of the Historian,2017,True,USIN-0242
2017-10-23,2017-10-23,Prime Minister Lee Hsien Loong,Singapore,Official Working Visit.,US State Dept Office of the Historian,2017,True,USIN-0243
2018-01-09,2018-01-10,Prime Minister Erna Solberg,Norway,Working Visit.,US State Dept Office of the Historian,2018,True,USIN-0244
2018-01-15,2018-01-17,President Nursultan Nazarbayev,Kazakhstan,Official Working Visit.,US State Dept Office of the Historian,2018,True,USIN-0245
2018-02-08,2018-02-08,President Jimmy Morales,Guatemala,Bilateral Meeting (National Prayer Breakfast).,US State Dept Office of the Historian,2018,True,USIN-0246
2018-02-21,2018-02-24,Prime Minister Malcolm B. Turnbull,Australia,Official Working Visit.,US State Dept Office of the Historian,2018,True,USIN-0247
2018-03-04,2018-03-07,Prime Minister Benjamin Netanyahu,Israel,Working Visit.,US State Dept Office of the Historian,2018,True,USIN-0248
2018-03-04,2018-03-07,Prime Minister Stefan Löfven,Sweden,Working Visit.,US State Dept Office of the Historian,2018,True,USIN-0249
2018-03-13,2018-03-16,Prime Minister Leo Varadkar,Ireland,Official Working Visit.,US State Dept Office of the Historian,2018,True,USIN-0250
2018-04-03,2018-04-03,President Dalia Grybauskaite,Lithuania,U.S.-Baltic Leaders Summit.,US State Dept Office of the Historian,2018,True,USIN-0251
2018-04-03,2018-04-03,President Raimonds Vējonis,Latvia,U.S.-Baltic Leaders Summit.,US State Dept Office of the Historian,2018,True,USIN-0252
2018-04-03,2018-04-03,President Kersti Kaljulaid,Estonia,U.S.-Baltic Leaders Summit.,US State Dept Office of the Historian,2018,True,USIN-0253
2018-04-10,2018-04-10,Amir Tamim bin Hamad al-Thani,Qatar,Working Visit.,US State Dept Office of the Historian,2018,True,USIN-0254
2018-04-17,2018-04-19,Prime Minister Shinzō Abe,Japan,"Official Working Visit at Mar-a-Lago, Florida.",US State Dept Office of the Historian,2018,True,USIN-0255
2018-04-23,2018-04-25,President Emmanuel Macron,France,State Visit.,US State Dept Office of the Historian,2018,True,USIN-0256
2018-04-27,2018-04-27,Chancellor Angela Merkel,Germany,Working Visit.,US State Dept Office of the Historian,2018,True,USIN-0257
2018-04-29,2018-05-01,President Muhammadu Buhari,Nigeria,Official Working Visit.,US State Dept Office of the Historian,2018,True,USIN-0258
2018-05-15,2018-05-17,President Shavkat Mirziyoyev,Uzbekistan,Official Working Visit.,US State Dept Office of the Historian,2018,True,USIN-0259
2018-05-22,2018-05-22,President Moon Jae-in,"Korea, South",Official Working Visit.,US State Dept Office of the Historian,2018,True,USIN-0260
2018-06-06,2018-06-07,Prime Minister Shinzō Abe,Japan,Official Working Visit.,US State Dept Office of the Historian,2018,True,USIN-0261
2018-06-18,2018-06-19,King Felipe VI,Spain,Working Visit.,US State Dept Office of the Historian,2018,True,USIN-0262
2018-06-21,2018-06-27,King Abdullah II ibn Al Hussein,Jordan,Working Visit.,US State Dept Office of the Historian,2018,True,USIN-0263
2018-06-26,2018-06-27,President Marcelo Rebelo de Sousa,Portugal,Working Visit.,US State Dept Office of the Historian,2018,True,USIN-0264
2018-07-01,2018-07-02,Prime Minister Mark Rutte,Netherlands,Working Visit.,US State Dept Office of the Historian,2018,True,USIN-0265
2018-07-29,2018-07-30,Prime Minister Giuseppe Conte,Italy,Official Working Visit.,US State Dept Office of the Historian,2018,True,USIN-0266
2018-08-25,2018-08-27,President Uhuru Kenyatta,Kenya,Working Visit.,US State Dept Office of the Historian,2018,True,USIN-0267
2018-09-05,2018-09-05,Amir Sheikh Sabah Al-Ahmed Al-Jaber Al-Sabah,Kuwait,Working Visit.,US State Dept Office of the Historian,2018,True,USIN-0268
2018-09-17,2018-09-18,President Andrzej Duda,Poland,Official Working Visit.,US State Dept Office of the Historian,2018,True,USIN-0269
2018-09-28,2018-09-28,President Sebastián Piñera,Chile,Working Visit.,US State Dept Office of the Historian,2018,True,USIN-0270
2019-02-12,2019-02-17,President Ivan Duque Marquez,Colombia,Official Working Visit.,US State Dept Office of the Historian,2019,True,USIN-0271
2019-02-19,2019-02-21,Federal Chancellor Sebastian Kurz,Austria,Working Visit.,US State Dept Office of the Historian,2019,True,USIN-0272
2019-03-06,2019-03-08,Prime Minister Andrej Babiš,Czechia,Working Visit.,US State Dept Office of the Historian,2019,True,USIN-0273
2019-03-12,2019-03-15,Prime Minister Leo Varadkar,Ireland,Official Working Visit.,US State Dept Office of the Historian,2019,True,USIN-0274
2019-03-17,2019-03-19,President Jair Messias Bolsonaro,Brazil,Official Working Visit.,US State Dept Office of the Historian,2019,True,USIN-0275
2019-03-22,2019-03-22,Prime Minister Dr. Hubert A. Minnis,Bahamas,"Caribbean Leaders Conference at Mar-a-Lago, Florida.",US State Dept Office of the Historian,2019,True,USIN-0276
2019-03-22,2019-03-22,Prime Minister Andrew Holness,Jamaica,"Caribbean Leaders Conference at Mar-a-Lago, Florida.",US State Dept Office of the Historian,2019,True,USIN-0277
2019-03-22,2019-03-22,Prime Minister Allen Michael Chastanet,St. Lucia,"Caribbean Leaders Conference at Mar-a-Lago, Florida.",US State Dept Office of the Historian,2019,True,USIN-0278
2019-03-22,2019-03-22,President Danilo Medina Sanchez,Dominican Republic,"Caribbean Leaders Conference at Mar-a-Lago, Florida.",US State Dept Office of the Historian,2019,True,USIN-0279
2019-03-22,2019-03-22,President Jovenel Moise,Haiti,"Caribbean Leaders Conference at Mar-a-Lago, Florida.",US State Dept Office of the Historian,2019,True,USIN-0280
2019-03-24,2019-03-27,Prime Minister Benjamin Netanyahu,Israel,Working Visit.,US State Dept Office of the Historian,2019,True,USIN-0281
2019-04-08,2019-04-10,President Abdel Fattah al-Sisi,Egypt,Official Working Visit.,US State Dept Office of the Historian,2019,True,USIN-0282
2019-04-10,2019-04-11,President Moon Jae-in,"Korea, South",Official Working Visit.,US State Dept Office of the Historian,2019,True,USIN-0283
2019-04-26,2019-04-27,Prime Minister Shinzō Abe,Japan,Official Working Visit.,US State Dept Office of the Historian,2019,True,USIN-0284
2019-05-01,2019-05-03,Prime Minister Peter Pellegrini,Slovakia,Working Visit.,US State Dept Office of the Historian,2019,True,USIN-0285
2019-05-12,2019-05-13,Prime Minister Viktor Orbán,Hungary,Working Visit.,US State Dept Office of the Historian,2019,True,USIN-0286
2019-05-16,2019-05-16,President Ueli Maurer,Switzerland,Working Visit.,US State Dept Office of the Historian,2019,True,USIN-0287
2019-05-21,2019-05-21,President Dr. Hilda C. Heine,Marshall Islands,Working Visit (Leaders of the Freely Associated States).,US State Dept Office of the Historian,2019,True,USIN-0288
2019-05-21,2019-05-21,President David W. Panuelo,Micronesia,Working Visit (Leaders of the Freely Associated States).,US State Dept Office of the Historian,2019,True,USIN-0289
2019-05-21,2019-05-21,"President Tommy E. Remengesau, Jr.",Palau,Working Visit (Leaders of the Freely Associated States).,US State Dept Office of the Historian,2019,True,USIN-0290
2019-06-11,2019-06-12,President Andrzej Duda,Poland,Official Working Visit.,US State Dept Office of the Historian,2019,True,USIN-0291
2019-06-19,2019-06-20,Prime Minister Justin Trudeau,Canada,Working Visit.,US State Dept Office of the Historian,2019,True,USIN-0292
2019-07-07,2019-07-12,Amir Tamim bin Hamad al-Thani,Qatar,Working Visit.,US State Dept Office of the Historian,2019,True,USIN-0293
2019-07-17,2019-07-18,Prime Minister Mark Rutte,Netherlands,Working Visit.,US State Dept Office of the Historian,2019,True,USIN-0294
2019-07-21,2019-07-23,Prime Minister Imran Khan,Pakistan,Official Working Visit.,US State Dept Office of the Historian,2019,True,USIN-0295
2019-07-30,2019-08-02,President Khaltmaa Battulga,Mongolia,Working Visit.,US State Dept Office of the Historian,2019,True,USIN-0296
2019-08-19,2019-08-20,President Klaus Iohannis,Romania,Working Visit.,US State Dept Office of the Historian,2019,True,USIN-0297
2019-09-19,2019-09-22,Prime Minister Scott Morrison,Australia,Official Visit.,US State Dept Office of the Historian,2019,True,USIN-0298
2019-09-22,2019-09-22,Prime Minister Narendra Modi,India,"Participated in a rally in Houston, Texas.",US State Dept Office of the Historian,2019,True,USIN-0299
2019-10-01,2019-10-03,President Sauli Niinistö,Finland,Official Working Visit.,US State Dept Office of the Historian,2019,True,USIN-0300
2019-10-15,2019-10-17,President Sergio Mattarella,Italy,Official Working Visit.,US State Dept Office of the Historian,2019,True,USIN-0301
2019-11-12,2019-11-13,President Recep Tayyip Erdoğan,Turkey,Working Visit.,US State Dept Office of the Historian,2019,True,USIN-0302
2019-11-25,2019-11-25,Prime Minister Boyko Borissov,Bulgaria,Working Visit.,US State Dept Office of the Historian,2019,True,USIN-0303
2019-12-12,2019-12-15,President Mario Abdo Benítez,Paraguay,Working Visit.,US State Dept Office of the Historian,2019,True,USIN-0304
2019-12-17,2019-12-17,President Jimmy Morales,Guatemala,Working Visit.,US State Dept Office of the Historian,2019,True,USIN-0305
2020-01-07,2020-01-07,Prime Minister Kyriakos Mitsotakis,Greece,Official Working Visit.,US State Dept Office of the Historian,2020,True,USIN-0306
2020-01-27,2020-01-27,Prime Minister Benjamin Netanyahu,Israel,Working Visit.,US State Dept Office of the Historian,2020,True,USIN-0307
2020-02-05,2020-02-05,Interim President Juan Guaidó,Venezuela,Working Visit.,US State Dept Office of the Historian,2020,True,USIN-0308
2020-02-06,2020-02-06,President Uhuru Kenyatta,Kenya,Working Visit.,US State Dept Office of the Historian,2020,True,USIN-0309
2020-02-12,2020-02-12,President Lenin Moreno Garcés,Ecuador,Working Visit.,US State Dept Office of the Historian,2020,True,USIN-0310
2020-03-02,2020-03-02,President Ivan Duque Marquez,Colombia,Working Visit.,US State Dept Office of the Historian,2020,True,USIN-0311
2020-03-12,2020-03-12,Prime Minister Leo Varadkar,Ireland,Official Working Visit.,US State Dept Office of the Historian,2020,True,USIN-0312
2020-06-24,2020-06-24,President Andrzej Duda,Poland,Working Visit.,US State Dept Office of the Historian,2020,True,USIN-0313
2020-07-08,2020-07-08,President Andrés Manuel López Obrador,Mexico,Official Working Visit.,US State Dept Office of the Historian,2020,True,USIN-0314
2020-08-20,2020-08-20,Prime Minister Mustafa Al-Kadhimi,Iraq,Official Working Visit.,US State Dept Office of the Historian,2020,True,USIN-0315
2020-09-04,2020-09-04,President Aleksandar Vučić,Serbia,Working Visit.,US State Dept Office of the Historian,2020,True,USIN-0316
2020-09-04,2020-09-04,Prime Minister Avdullah Hoti,Kosovo,Working Visit.,US State Dept Office of the Historian,2020,True,USIN-0317
2020-09-15,2020-09-15,Prime Minister Benjamin Netanyahu,Israel,Abraham Accords Signing Ceremony.,US State Dept Office of the Historian,2020,True,USIN-0318
2021-04-16,2021-04-16,Prime Minister Suga Yoshihide,Japan,Official Working Visit.,US State Dept Office of the Historian,2021,True,USIN-0319
2021-05-21,2021-05-21,President Moon Jae-in,South Korea,Official Working Visit.,US State Dept Office of the Historian,2021,True,USIN-0320
2021-06-25,2021-06-25,President Mohamad Ashraf Ghani,Afghanistan,Working Visit.,US State Dept Office of the Historian,2021,True,USIN-0321
2021-06-28,2021-06-28,President Reuven Rivlin,Israel,Working Visit.,US State Dept Office of the Historian,2021,True,USIN-0322
2021-07-15,2021-07-15,Chancellor Angela Merkel,Germany,Official Working Visit.,US State Dept Office of the Historian,2021,True,USIN-0323
2021-07-19,2021-07-19,King Abdullah II bin Al-Hussein,Jordan,Working Visit.,US State Dept Office of the Historian,2021,True,USIN-0324
2021-07-23,2021-07-23,Prime Minister Mustafa Al-Kadhimi,Iraq,Working Visit.,US State Dept Office of the Historian,2021,True,USIN-0325
2021-08-26,2021-08-26,Prime Minister Naftali Bennett,Israel,Working Visit.,US State Dept Office of the Historian,2021,True,USIN-0326
2021-08-31,2021-08-31,President Volodymyr Zelensky,Ukraine,Working Visit.,US State Dept Office of the Historian,2021,True,USIN-0327
2021-09-21,2021-09-21,Prime Minister Scott Morrison,Australia,Working Visit.,US State Dept Office of the Historian,2021,True,USIN-0328
2021-09-24,2021-09-24,Prime Minister Narendra Modi,India,Working Visit; Quad Leaders' Summit.,US State Dept Office of the Historian,2021,True,USIN-0329
2021-09-24,2021-09-24,Prime Minister Suga Yoshihide,Japan,Working Visit; Quad Leaders' Summit.,US State Dept Office of the Historian,2021,True,USIN-0330
2021-09-24,2021-09-24,Prime Minister Scott Morrison,Australia,Working Visit; Quad Leaders' Summit.,US State Dept Office of the Historian,2021,True,USIN-0331
2021-11-18,2021-11-18,Prime Minister Justin Trudeau,Canada,Working Visit; North American Leaders’ Summit.,US State Dept Office of the Historian,2021,True,USIN-0332
2021-11-18,2021-11-18,President Andrés Manuel López Obrador,Mexico,Working Visit; North American Leaders’ Summit.,US State Dept Office of the Historian,2021,True,USIN-0333
2022-01-31,2022-01-31,Amir Sheikh Tamim bin Hamad Al Thani,Qatar,Working Visit.,US State Dept Office of the Historian,2022,True,USIN-0334
2022-02-07,2022-02-07,Chancellor Olaf Scholz,Germany,Working Visit.,US State Dept Office of the Historian,2022,True,USIN-0335
2022-03-04,2022-03-04,President Sauli Niinistö,Finland,Working Visit.,US State Dept Office of the Historian,2022,True,USIN-0336
2022-03-17,2022-03-17,Taoiseach Michael Martin,Ireland,Official Working Visit.,US State Dept Office of the Historian,2022,True,USIN-0337
2022-03-29,2022-03-29,Prime Minister Lee Hsien Loong,Singapore,Working Visit.,US State Dept Office of the Historian,2022,True,USIN-0338
2022-05-10,2022-05-10,Prime Minister Mario Draghi,Italy,Working Visit.,US State Dept Office of the Historian,2022,True,USIN-0339
2022-05-12,2022-05-13,Prime Minister Prayut Chan-O-Cha,Thailand,Attended the U.S.-ASEAN Summit.,US State Dept Office of the Historian,2022,True,USIN-0340
2022-05-12,2022-05-13,Prime Minister Lee Hsien Loong,Singapore,Attended the U.S.-ASEAN Summit.,US State Dept Office of the Historian,2022,True,USIN-0341
2022-05-12,2022-05-13,"President Benigno S. Aquino, 3rd",Philippines,Attended the U.S.-ASEAN Summit.,US State Dept Office of the Historian,2022,True,USIN-0342
2022-05-12,2022-05-13,Prime Minister Ismail Sabri Yaakob,Malaysia,Attended the U.S.-ASEAN Summit.,US State Dept Office of the Historian,2022,True,USIN-0343
2022-05-12,2022-05-13,Sultan Haji Hassanal Bolkiah,Brunei Darussalam,Attended the U.S.-ASEAN Summit.,US State Dept Office of the Historian,2022,True,USIN-0344
2022-05-12,2022-05-13,President Joko Widodo,Indonesia,Attended the U.S.-ASEAN Summit.,US State Dept Office of the Historian,2022,True,USIN-0345
2022-05-12,2022-05-13,Prime Minister Hun Sen,Cambodia,Attended the U.S.-ASEAN Summit.,US State Dept Office of the Historian,2022,True,USIN-0346
2022-05-12,2022-05-13,Prime Minister Nguyen Tan Dung,Vietnam,Attended the U.S.-ASEAN Summit.,US State Dept Office of the Historian,2022,True,USIN-0347
2022-05-12,2022-05-13,President Choummaly Sayasone,Laos,Attended the U.S.-ASEAN Summit.,US State Dept Office of the Historian,2022,True,USIN-0348
2022-05-13,2022-05-13,King Abdullah II bin Al-Hussein,Jordan,Working Visit.,US State Dept Office of the Historian,2022,True,USIN-0349
2022-05-16,2022-05-16,Prime Minister Kyriakos Mitsotakis,Greece,Official Working Visit.,US State Dept Office of the Historian,2022,True,USIN-0350
2022-06-08,2022-06-10,President Mohamed Irfaan Ali,Guyana,"Attended the Summit of the Americas in Los Angeles, CA.",US State Dept Office of the Historian,2022,True,USIN-0351
2022-06-08,2022-06-10,President Luis Lacalle Pou,Uruguay,"Attended the Summit of the Americas in Los Angeles, CA.",US State Dept Office of the Historian,2022,True,USIN-0352
2022-06-08,2022-06-10,Prime Minister Philip Davis,Bahamas,"Attended the Summit of the Americas in Los Angeles, CA.",US State Dept Office of the Historian,2022,True,USIN-0353
2022-06-08,2022-06-10,President Chandrikapersad Santokhi,Suriname,"Attended the Summit of the Americas in Los Angeles, CA.",US State Dept Office of the Historian,2022,True,USIN-0354
2022-06-08,2022-06-10,Prime Minister Philip J. Pierre,Saint Lucia,"Attended the Summit of the Americas in Los Angeles, CA.",US State Dept Office of the Historian,2022,True,USIN-0355
2022-06-08,2022-06-10,President Pedro Castillo,Peru,"Attended the Summit of the Americas in Los Angeles, CA.",US State Dept Office of the Historian,2022,True,USIN-0356
2022-06-08,2022-06-10,Prime Minister Andrew Holness,Jamaica,"Attended the Summit of the Americas in Los Angeles, CA.",US State Dept Office of the Historian,2022,True,USIN-0357
2022-06-08,2022-06-10,President Guillermo Lasso Mendoza,Ecuador,"Attended the Summit of the Americas in Los Angeles, CA.",US State Dept Office of the Historian,2022,True,USIN-0358
2022-06-08,2022-06-10,President Mario Abdo Benítez,Paraguay,"Attended the Summit of the Americas in Los Angeles, CA.",US State Dept Office of the Historian,2022,True,USIN-0359
2022-06-08,2022-06-10,President Rodrigo Chaves Robles,Costa Rica,"Attended the Summit of the Americas in Los Angeles, CA.",US State Dept Office of the Historian,2022,True,USIN-0360
2022-06-08,2022-06-10,President Ivan Duque Marquez,Colombia,"Attended the Summit of the Americas in Los Angeles, CA.",US State Dept Office of the Historian,2022,True,USIN-0361
2022-06-08,2022-06-10,President Luis Abinader,Dominican Republic,"Attended the Summit of the Americas in Los Angeles, CA.",US State Dept Office of the Historian,2022,True,USIN-0362
2022-06-08,2022-06-10,President Gabriel Boric,Chile,"Attended the Summit of the Americas in Los Angeles, CA.",US State Dept Office of the Historian,2022,True,USIN-0363
2022-06-08,2022-06-10,Prime Minister Justin Trudeau,Canada,"Attended the Summit of the Americas in Los Angeles, CA.",US State Dept Office of the Historian,2022,True,USIN-0364
2022-06-08,2022-06-10,Prime Minister John Briceño,Belize,"Attended the Summit of the Americas in Los Angeles, CA.",US State Dept Office of the Historian,2022,True,USIN-0365
2022-06-08,2022-06-10,President Alberto Fernandez,Argentina,"Attended the Summit of the Americas in Los Angeles, CA.",US State Dept Office of the Historian,2022,True,USIN-0366
2022-06-08,2022-06-10,Prime Minister Gaston Browne,Antigua and Barbuda,"Attended the Summit of the Americas in Los Angeles, CA.",US State Dept Office of the Historian,2022,True,USIN-0367
2022-07-12,2022-07-12,President Andrés Manuel López Obrador,Mexico,Working Visit.,US State Dept Office of the Historian,2022,True,USIN-0368
2022-09-16,2022-09-16,President Cyril Ramaphosa,South Africa,Working Visit.,US State Dept Office of the Historian,2022,True,USIN-0369
2022-09-21,2022-09-21,Prime Minister Liz Truss,United Kingdom,Met with President Biden at the UN General Assembly Meeting in New York City.,US State Dept Office of the Historian,2022,True,USIN-0370
2022-09-21,2022-09-21,President Emmanuel Macron,France,Met with President Biden at the UN General Assembly Meeting in New York City.,US State Dept Office of the Historian,2022,True,USIN-0371
2022-09-22,2022-09-22,President Ferdinand Romualdez Marcos Jr.,Philippines,Met with President Biden at the UN General Assembly Meeting in New York City.,US State Dept Office of the Historian,2022,True,USIN-0372
2022-09-28,2022-09-28,Prime Minister Manasseh Sogavare,Solomon Islands,Attended the U.S.-Pacific Island Country Summit.,US State Dept Office of the Historian,2022,True,USIN-0373
2022-09-28,2022-09-28,Prime Minister Fiame Naomi Mata'afa,Somoa,Attended the U.S.-Pacific Island Country Summit.,US State Dept Office of the Historian,2022,True,USIN-0374
2022-09-28,2022-09-28,Prime Minister James Marape,Papua New Guinea,Attended the U.S.-Pacific Island Country Summit.,US State Dept Office of the Historian,2022,True,USIN-0375
2022-09-28,2022-09-28,"President Surangel Samuel Whipps, Jr.",Palau,Attended the U.S.-Pacific Island Country Summit.,US State Dept Office of the Historian,2022,True,USIN-0376
2022-09-28,2022-09-28,President Louis Mapou,New Caledonia,Attended the U.S.-Pacific Island Country Summit.,US State Dept Office of the Historian,2022,True,USIN-0377
2022-09-28,2022-09-28,Prime Minister Siaosi Sovaleni,Tonga,Attended the U.S.-Pacific Island Country Summit.,US State Dept Office of the Historian,2022,True,USIN-0378
2022-09-28,2022-09-28,President David Kabua,Marshall Islands,Attended the U.S.-Pacific Island Country Summit.,US State Dept Office of the Historian,2022,True,USIN-0379
2022-09-28,2022-09-28,President Edouard Fritch,French Polynesia,Attended the U.S.-Pacific Island Country Summit.,US State Dept Office of the Historian,2022,True,USIN-0380
2022-09-28,2022-09-28,Prime Minister Josaia Voreqe Bainimarama,Fiji,Attended the U.S.-Pacific Island Country Summit.,US State Dept Office of the Historian,2022,True,USIN-0381
2022-09-28,2022-09-28,Prime Minister Mark Brown,Cook Islands,Attended the U.S.-Pacific Island Country Summit.,US State Dept Office of the Historian,2022,True,USIN-0382
2022-09-28,2022-09-28,Prime Minister Kausea Natano,Tuvalu,Attended the U.S.-Pacific Island Country Summit.,US State Dept Office of the Historian,2022,True,USIN-0383
2022-09-28,2022-09-28,President David W. Panuelo,Micronesia,Attended the U.S.-Pacific Island Country Summit.,US State Dept Office of the Historian,2022,True,USIN-0384
2022-10-26,2022-10-26,President Isaac Herzog,Israel,Working Visit.,US State Dept Office of the Historian,2022,True,USIN-0385
2022-12-01,2022-12-01,President Emmanuel Macron,France,State Visit.,US State Dept Office of the Historian,2022,True,USIN-0386
2022-12-13,2022-12-15,President Mohamed Bazoum,Niger,Attended the U.S.-Africa Leaders' Summit.,US State Dept Office of the Historian,2022,True,USIN-0387
2022-12-13,2022-12-15,President Hage Gottfried Geingob,Namibia,Attended the U.S.-Africa Leaders' Summit.,US State Dept Office of the Historian,2022,True,USIN-0388
2022-12-13,2022-12-15,President Filipe Jacinto Nyusi,Mozambique,Attended the U.S.-Africa Leaders' Summit.,US State Dept Office of the Historian,2022,True,USIN-0389
2022-12-13,2022-12-15,President Lazarus McCarthy Chakwera,Malawi,Attended the U.S.-Africa Leaders' Summit.,US State Dept Office of the Historian,2022,True,USIN-0390
2022-12-13,2022-12-15,Prime Minister Pravind Kumar Jugnauth,Mauritius,Attended the U.S.-Africa Leaders' Summit.,US State Dept Office of the Historian,2022,True,USIN-0391
2022-12-13,2022-12-15,President Mohamed Ould Cheikh El Ghazouani,Mauritania,Attended the U.S.-Africa Leaders' Summit.,US State Dept Office of the Historian,2022,True,USIN-0392
2022-12-13,2022-12-15,President Muhammadu Buhari,Nigeria,Attended the U.S.-Africa Leaders' Summit.,US State Dept Office of the Historian,2022,True,USIN-0393
2022-12-13,2022-12-15,President Andry Nirina Rajoelina,Madagascar,Attended the U.S.-Africa Leaders' Summit.,US State Dept Office of the Historian,2022,True,USIN-0394
2022-12-13,2022-12-15,Prime Minister Aziz Akhannouch,Morocco,Attended the U.S.-Africa Leaders' Summit.,US State Dept Office of the Historian,2022,True,USIN-0395
2022-12-13,2022-12-15,President Hakainde Sammy Hichilema,Zambia,Attended the U.S.-Africa Leaders' Summit.,US State Dept Office of the Historian,2022,True,USIN-0396
2022-12-13,2022-12-15,President Wavel John Charles Ramkalawan,Seychelles,Attended the U.S.-Africa Leaders' Summit.,US State Dept Office of the Historian,2022,True,USIN-0397
2022-12-13,2022-12-15,Prime Minister Patrice Emery Trovoada,Sao Tome and Principe,Attended the U.S.-Africa Leaders' Summit.,US State Dept Office of the Historian,2022,True,USIN-0398
2022-12-13,2022-12-15,President Macky Sall,Senegal,Attended the U.S.-Africa Leaders' Summit.,US State Dept Office of the Historian,2022,True,USIN-0399
2022-12-13,2022-12-15,President Julius Maada Bio,Sierra Leone,Attended the U.S.-Africa Leaders' Summit.,US State Dept Office of the Historian,2022,True,USIN-0400
2022-12-13,2022-12-15,President Hassan Sheikh Mohamud,Somali Republic,Attended the U.S.-Africa Leaders' Summit.,US State Dept Office of the Historian,2022,True,USIN-0401
2022-12-13,2022-12-15,President Samia Suluhu Hassan,Tanzania,Attended the U.S.-Africa Leaders' Summit.,US State Dept Office of the Historian,2022,True,USIN-0402
2022-12-13,2022-12-15,President Faure Essozimna Gnassingbe,Togo,Attended the U.S.-Africa Leaders' Summit.,US State Dept Office of the Historian,2022,True,USIN-0403
2022-12-13,2022-12-15,President Kais Saied,Tunisia,Attended the U.S.-Africa Leaders' Summit.,US State Dept Office of the Historian,2022,True,USIN-0404
2022-12-13,2022-12-15,President Yoweri Museveni,Uganda,Attended the U.S.-Africa Leaders' Summit.,US State Dept Office of the Historian,2022,True,USIN-0405
2022-12-13,2022-12-15,President Mohamed Younis Menfi,Libya,Attended the U.S.-Africa Leaders' Summit.,US State Dept Office of the Historian,2022,True,USIN-0406
2022-12-13,2022-12-15,President Paul Kagame,Rwanda,Attended the U.S.-Africa Leaders' Summit.,US State Dept Office of the Historian,2022,True,USIN-0407
2022-12-13,2022-12-15,President George Manneh Weah,Liberia,Attended the U.S.-Africa Leaders' Summit.,US State Dept Office of the Historian,2022,True,USIN-0408
2022-12-13,2022-12-15,President Faustin Archange Touadera,Central African Republic,Attended the U.S.-Africa Leaders' Summit.,US State Dept Office of the Historian,2022,True,USIN-0409
2022-12-13,2022-12-15,President William Ruto,Kenya,Attended the U.S.-Africa Leaders' Summit.,US State Dept Office of the Historian,2022,True,USIN-0410
2022-12-13,2022-12-15,Prime Minister Aïmene Benabderrahmane,Algeria,Attended the U.S.-Africa Leaders' Summit.,US State Dept Office of the Historian,2022,True,USIN-0411
2022-12-13,2022-12-15,Prime Minister Cleopas Sipho Dlamini,Eswatini,Attended the U.S.-Africa Leaders' Summit.,US State Dept Office of the Historian,2022,True,USIN-0412
2022-12-13,2022-12-15,President Teodoro Obiang Nguema Mbasogo,Equatorial Guinea,Attended the U.S.-Africa Leaders' Summit.,US State Dept Office of the Historian,2022,True,USIN-0413
2022-12-13,2022-12-15,President Abdel Fattah Said Alsisi,Egypt,Attended the U.S.-Africa Leaders' Summit.,US State Dept Office of the Historian,2022,True,USIN-0414
2022-12-13,2022-12-15,President Ismail Omar Guelleh,Djibouti,Attended the U.S.-Africa Leaders' Summit.,US State Dept Office of the Historian,2022,True,USIN-0415
2022-12-13,2022-12-15,Prime Minister Patrick Achi,Cote d’Ivoire,Attended the U.S.-Africa Leaders' Summit.,US State Dept Office of the Historian,2022,True,USIN-0416
2022-12-13,2022-12-15,President Denis Sassou-Nguesso,"Congo, Republic of",Attended the U.S.-Africa Leaders' Summit.,US State Dept Office of the Historian,2022,True,USIN-0417
2022-12-13,2022-12-15,President Felix Antoine Tshisekedi Tshilombo,Democratic Republic of the Congo (Zaire),Attended the U.S.-Africa Leaders' Summit.,US State Dept Office of the Historian,2022,True,USIN-0418
2022-12-13,2022-12-15,Prime Minister Ntsokoane Samuel Matekane,Lesotho,Attended the U.S.-Africa Leaders' Summit.,US State Dept Office of the Historian,2022,True,USIN-0419
2022-12-13,2022-12-15,President Mahamat Idriss Deby Itno,Chad,Attended the U.S.-Africa Leaders' Summit.,US State Dept Office of the Historian,2022,True,USIN-0420
2022-12-13,2022-12-15,President Azali Assoumani,Comoros,Attended the U.S.-Africa Leaders' Summit.,US State Dept Office of the Historian,2022,True,USIN-0421
2022-12-13,2022-12-15,Prime Minister Ulisses Correia e Silva,Cabo Verde,Attended the U.S.-Africa Leaders' Summit.,US State Dept Office of the Historian,2022,True,USIN-0422
2022-12-13,2022-12-15,President Evariste Ndayishimiye,Burundi,Attended the U.S.-Africa Leaders' Summit.,US State Dept Office of the Historian,2022,True,USIN-0423
2022-12-13,2022-12-15,President Mokgweetsi Eric Keabetswe Masisi,Botswana,Attended the U.S.-Africa Leaders' Summit.,US State Dept Office of the Historian,2022,True,USIN-0424
2022-12-13,2022-12-15,President Patrice Athanase Guillaume Talon,Benin,Attended the U.S.-Africa Leaders' Summit.,US State Dept Office of the Historian,2022,True,USIN-0425
2022-12-13,2022-12-15,President João Manuel Gonçalves Lourenço,Angola,Attended the U.S.-Africa Leaders' Summit.,US State Dept Office of the Historian,2022,True,USIN-0426
2022-12-13,2022-12-15,Prime Minister Abiy Ahmed Ali,Ethiopia,Attended the U.S.-Africa Leaders' Summit.,US State Dept Office of the Historian,2022,True,USIN-0427
2022-12-13,2022-12-15,President Ali Bongo Ondimba,Gabon,Attended the U.S.-Africa Leaders' Summit.,US State Dept Office of the Historian,2022,True,USIN-0428
2022-12-13,2022-12-15,President Nana Addo Dankwa Akufo-Addo,Ghana,Attended the U.S.-Africa Leaders' Summit.,US State Dept Office of the Historian,2022,True,USIN-0429
2022-12-13,2022-12-15,President Umaro Sissoco Embaló,Guinea-Bissau,Attended the U.S.-Africa Leaders' Summit.,US State Dept Office of the Historian,2022,True,USIN-0430
2022-12-13,2022-12-15,President Paul Biya,Cameroon,Attended the U.S.-Africa Leaders' Summit.,US State Dept Office of the Historian,2022,True,USIN-0431
2022-12-19,2022-12-19,President Guillermo Lasso,Ecuador,Working Visit.,US State Dept Office of the Historian,2022,True,USIN-0432
2022-12-21,2022-12-21,President Volodymyr Zelenskyy,Ukraine,Working Visit.,US State Dept Office of the Historian,2022,True,USIN-0433
2023-01-13,2023-01-13,Prime Minister Kishida Fumio,Japan,Official Working Visit.,US State Dept Office of the Historian,2023,True,USIN-0434
2023-01-17,2023-01-17,Prime Minister Mark Rutte,Netherlands,Working Visit.,US State Dept Office of the Historian,2023,True,USIN-0435
2023-02-02,2023-02-02,King Abdullah and Crown Prince Hussein,Jordan,Private Visit (Lunch).,US State Dept Office of the Historian,2023,True,USIN-0436
2023-02-10,2023-02-10,President Luiz Lula da Silva,Brazil,Official Working Visit.,US State Dept Office of the Historian,2023,True,USIN-0437
2023-03-03,2023-03-03,Chancellor Olaf Scholz,"Germany, Federal Republic of",Working Visit.,US State Dept Office of the Historian,2023,True,USIN-0438
2023-03-13,2023-03-13,Prime Minister Rishi Sunak,United Kingdom,"Attended AUKUS Summit at Point Loma, CA.",US State Dept Office of the Historian,2023,True,USIN-0439
2023-03-13,2023-03-13,Prime Minister Anthony Albanese,Australia,"Attended AUKUS Summit at Point Loma, CA.",US State Dept Office of the Historian,2023,True,USIN-0440
2023-03-17,2023-03-17,Taoiseach Leo Varadkar,Ireland,Official Working Visit.,US State Dept Office of the Historian,2023,True,USIN-0441
2023-03-29,2023-03-29,President Alberto Fernández,Argentina,Working Visit.,US State Dept Office of the Historian,2023,True,USIN-0442
2023-04-20,2023-04-20,President Gustavo Petro,Colombia,Working Visit.,US State Dept Office of the Historian,2023,True,USIN-0443
2023-04-26,2023-04-26,President Yoon Suk Yeol,South Korea,State Visit.,US State Dept Office of the Historian,2023,True,USIN-0444
2023-05-01,2023-05-01,President Ferdinand Marcos Jr.,Philippines,Official Working Visit.,US State Dept Office of the Historian,2023,True,USIN-0445
2023-05-12,2023-05-12,President Pedro Sánchez,Spain,Working Visit.,US State Dept Office of the Historian,2023,True,USIN-0446
2023-06-05,2023-06-05,Prime Minister Mette Frederiksen,Denmark,Working Visit.,US State Dept Office of the Historian,2023,True,USIN-0447
2023-06-06,2023-06-09,Prime Minister Rishi Sunak,United Kingdom,Official Working Visit.,US State Dept Office of the Historian,2023,True,USIN-0448
2023-06-13,2023-06-13,President Luis Lacalle Pou,Uruguay,Working Visit.,US State Dept Office of the Historian,2023,True,USIN-0449
2023-06-22,2023-06-22,Prime Minister Narendra Modi,India,State Visit.,US State Dept Office of the Historian,2023,True,USIN-0450
2023-07-04,2023-07-05,Prime Minister Ulf Kristersson,Sweden,Working Visit.,US State Dept Office of the Historian,2023,True,USIN-0451
2023-07-18,2023-07-20,President Isaac Herzog,Israel,Working Visit.,US State Dept Office of the Historian,2023,True,USIN-0452
2023-07-27,2023-07-27,Prime Minister Giorgia Meloni,Italy,Working Visit.,US State Dept Office of the Historian,2023,True,USIN-0453
2023-08-18,2023-08-18,Prime Minister Kishida Fumio,Japan,"Attended Trilateral Summit at Camp David, MD.",US State Dept Office of the Historian,2023,True,USIN-0454
2023-08-18,2023-08-18,President Yoon Suk Yeol,South Korea,"Attended Trilateral Summit at Camp David, MD.",US State Dept Office of the Historian,2023,True,USIN-0455
2023-08-29,2023-08-29,President Rodrigo Chaves Robles,Costa Rica,Official Working Visit.,US State Dept Office of the Historian,2023,True,USIN-0456
2023-09-20,2023-09-20,President Luiz Inacio Lula da Silva,Brazil,Met with President Biden at the UN General Assembly Meeting in New York City.,US State Dept Office of the Historian,2023,True,USIN-0457
2023-09-20,2023-09-20,Prime Minister Binyamin Netanyahu,Israel,Met with President Biden at the UN General Assembly Meeting in New York City.,US State Dept Office of the Historian,2023,True,USIN-0458
2023-09-21,2023-09-21,President Shavkat Mirziyoyev,Uzbekistan,Participated in C5+1 Presidential Summit Meeting with President Biden at the UN General Assembly in New York City.,US State Dept Office of the Historian,2023,True,USIN-0459
2023-09-21,2023-09-21,President Serdar Berdimuhamedov,Turkmenistan,Participated in C5+1 Presidential Summit Meeting with President Biden at the UN General Assembly in New York City.,US State Dept Office of the Historian,2023,True,USIN-0460
2023-09-21,2023-09-21,President Emomali Rahmon,Tajikistan,Participated in C5+1 Presidential Summit Meeting with President Biden at the UN General Assembly in New York City.,US State Dept Office of the Historian,2023,True,USIN-0461
2023-09-21,2023-09-21,President Kassym-Jomart Tokayev,Kazakhstan,Participated in C5+1 Presidential Summit Meeting with President Biden at the UN General Assembly in New York City.,US State Dept Office of the Historian,2023,True,USIN-0462
2023-09-21,2023-09-21,President Volodymyr Zelenskyy,Ukraine,Official Working Visit.,US State Dept Office of the Historian,2023,True,USIN-0463
2023-09-21,2023-09-21,President Sadyr Japarov,Kyrgyzstan,Participated in C5+1 Presidential Summit Meeting with President Biden at the UN General Assembly in New York City.,US State Dept Office of the Historian,2023,True,USIN-0464
2023-09-25,2023-09-25,President Surangel Whipps Jr.,Palau,Attended the Pacific Islands Countries Summit.,US State Dept Office of the Historian,2023,True,USIN-0465
2023-09-25,2023-09-25,Prime Minister Kausea Natano,Tuvalu,Attended the Pacific Islands Countries Summit.,US State Dept Office of the Historian,2023,True,USIN-0466
2023-09-25,2023-09-25,Prime Minister Siaosi Ofa Ki Vahafolau Sovaleni,Tonga,Attended the Pacific Islands Countries Summit.,US State Dept Office of the Historian,2023,True,USIN-0467
2023-09-25,2023-09-25,Prime Minister Fiamē Naomi Mata’afa,Western Samoa,Attended the Pacific Islands Countries Summit.,US State Dept Office of the Historian,2023,True,USIN-0468
2023-09-25,2023-09-25,President David Kabua,Marshall Islands,Attended the Pacific Islands Countries Summit.,US State Dept Office of the Historian,2023,True,USIN-0469
2023-09-25,2023-09-25,Prime Minister James Marape,Papua New Guinea,Attended the Pacific Islands Countries Summit.,US State Dept Office of the Historian,2023,True,USIN-0470
2023-09-25,2023-09-25,Premier Dalton Tagelagi,Niue,Attended the Pacific Islands Countries Summit.,US State Dept Office of the Historian,2023,True,USIN-0471
2023-09-25,2023-09-25,Prime Minister Sitiveni Ligamamada Rabuka,Fiji,Attended the Pacific Islands Countries Summit.,US State Dept Office of the Historian,2023,True,USIN-0472
2023-09-25,2023-09-25,President Russ Joseph Kun,Nauru,Attended the Pacific Islands Countries Summit.,US State Dept Office of the Historian,2023,True,USIN-0473
2023-09-25,2023-09-25,President Taneti Maamau,Kiribati,Attended the Pacific Islands Countries Summit.,US State Dept Office of the Historian,2023,True,USIN-0474
2023-09-25,2023-09-25,President Moetai Charles Brotherson,French Polynesia,Attended the Pacific Islands Countries Summit.,US State Dept Office of the Historian,2023,True,USIN-0475
2023-09-25,2023-09-25,President Wesley W. Simina,Micronesia,Attended the Pacific Islands Countries Summit.,US State Dept Office of the Historian,2023,True,USIN-0476
2023-09-25,2023-09-25,Prime Minister Mark Stephen Brown,Cook Islands,Attended the Pacific Islands Countries Summit.,US State Dept Office of the Historian,2023,True,USIN-0477
2023-09-25,2023-09-25,President Louis Mapou,New Caledonia,Attended the Pacific Islands Countries Summit.,US State Dept Office of the Historian,2023,True,USIN-0478
2023-10-06,2023-10-06,President Frank-Walter Steinmeier,"Germany, Federal Republic of",Working Visit.,US State Dept Office of the Historian,2023,True,USIN-0479
2023-10-25,2023-10-25,Prime Minister Anthony Albanese,Australia,Official Visit.,US State Dept Office of the Historian,2023,True,USIN-0480
2023-11-02,2023-11-02,President Gabriel Boric Font,Chile,Met with President Biden for a bilateral meeting alongside the Americas Partnership for Economic Prosperity Summit Meeting.,US State Dept Office of the Historian,2023,True,USIN-0481
2023-11-02,2023-11-02,President Luis Abinader,Dominican Republic,Met with President Biden for a bilateral meeting alongside the Americas Partnership for Economic Prosperity Summit Meeting.,US State Dept Office of the Historian,2023,True,USIN-0482
2023-11-03,2023-11-03,President Luis Lacalle Pou,Uruguay,Attended the APEP Leaders' Summit.,US State Dept Office of the Historian,2023,True,USIN-0483
2023-11-03,2023-11-03,President Dina Boluarte Zegarra,Peru,Attended the APEP Leaders' Summit.,US State Dept Office of the Historian,2023,True,USIN-0484
2023-11-03,2023-11-03,President Guillermo Lasso Mendoza,Ecuador,Attended the APEP Leaders' Summit.,US State Dept Office of the Historian,2023,True,USIN-0485
2023-11-03,2023-11-03,President Luis Abinader,Dominican Republic,Attended the APEP Leaders' Summit.,US State Dept Office of the Historian,2023,True,USIN-0486
2023-11-03,2023-11-03,President Rodrigo Chaves Robles,Costa Rica,Attended the APEP Leaders' Summit.,US State Dept Office of the Historian,2023,True,USIN-0487
2023-11-03,2023-11-03,President Gabriel Boric Font,Chile,Attended the APEP Leaders' Summit.,US State Dept Office of the Historian,2023,True,USIN-0488
2023-11-03,2023-11-03,Prime Minister Mia Mottley,Barbados,Attended the APEP Leaders' Summit.,US State Dept Office of the Historian,2023,True,USIN-0489
2023-11-03,2023-11-03,Prime Minister Justin Trudeau,Canada,Attended the APEP Leaders' Summit.,US State Dept Office of the Historian,2023,True,USIN-0490
2023-11-03,2023-11-03,President Gustavo Petro,Colombia,Attended the APEP Leaders' Summit.,US State Dept Office of the Historian,2023,True,USIN-0491
2023-11-12,2023-11-17,Prime Minister James Marape,Papua New Guinea,"Attended the APEC Leaders' Summit at San Francisco, CA.",US State Dept Office of the Historian,2023,True,USIN-0492
2023-11-12,2023-11-17,Prime Minister Sitiveni Ligamamada Rabuka,Fiji,Invited Guest to APEC Leaders' Summit.,US State Dept Office of the Historian,2023,True,USIN-0493
2023-11-12,2023-11-17,President Gustavo Petro,Colombia,Invited Guest to APEC Leaders' Summit.,US State Dept Office of the Historian,2023,True,USIN-0494
2023-11-12,2023-11-17,Prime Minister Srettha Thavisin,Thailand,"Attended the APEC Leaders' Summit at San Francisco, CA.",US State Dept Office of the Historian,2023,True,USIN-0495
2023-11-12,2023-11-17,Prime Minister Lee Hsien Loong,Singapore,"Attended the APEC Leaders' Summit at San Francisco, CA.",US State Dept Office of the Historian,2023,True,USIN-0496
2023-11-12,2023-11-17,President Ferdinand Marcos Jr.,Philippines,"Attended the APEC Leaders' Summit at San Francisco, CA.",US State Dept Office of the Historian,2023,True,USIN-0497
2023-11-12,2023-11-17,President Dina Boluarte Zegarra,Peru,"Attended the APEC Leaders' Summit at San Francisco, CA.",US State Dept Office of the Historian,2023,True,USIN-0498
2023-11-12,2023-11-17,President Andrés Manuel López Obrador,Mexico,"Attended the APEC Leaders' Summit at San Francisco, CA.",US State Dept Office of the Historian,2023,True,USIN-0499
2023-11-12,2023-11-17,President Võ Văn Thưởng,Vietnam,"Attended the APEC Leaders' Summit at San Francisco, CA.",US State Dept Office of the Historian,2023,True,USIN-0500
2023-11-12,2023-11-17,President Yoon Suk Yeol,Korea,"Attended the APEC Leaders' Summit at San Francisco, CA.",US State Dept Office of the Historian,2023,True,USIN-0501
2023-11-12,2023-11-17,Prime Minister Kishida Fumio,Japan,"Attended the APEC Leaders' Summit at San Francisco, CA.",US State Dept Office of the Historian,2023,True,USIN-0502
2023-11-12,2023-11-17,President Xi Jinping,"China, People’s Republic of","Attended the APEC Leaders' Summit at San Francisco, CA.",US State Dept Office of the Historian,2023,True,USIN-0503
2023-11-12,2023-11-17,President Gabriel Boric Font,Chile,"Attended the APEC Leaders' Summit at San Francisco, CA.",US State Dept Office of the Historian,2023,True,USIN-0504
2023-11-12,2023-11-17,Prime Minister Justin Trudeau,Canada,"Attended the APEC Leaders' Summit at San Francisco, CA.",US State Dept Office of the Historian,2023,True,USIN-0505
2023-11-12,2023-11-17,Sultan Hassanal Bolkiah,Brunei,"Attended the APEC Leaders' Summit at San Francisco, CA.",US State Dept Office of the Historian,2023,True,USIN-0506
2023-11-12,2023-11-17,Prime Minister Dato' Seri Anwar bin Ibrahim,Malaysia,"Attended the APEC Leaders' Summit at San Francisco, CA.",US State Dept Office of the Historian,2023,True,USIN-0507
2023-11-12,2023-11-17,Prime Minister Anthony Albanese,Australia,"Attended the APEC Leaders' Summit at San Francisco, CA.",US State Dept Office of the Historian,2023,True,USIN-0508
2023-11-12,2023-11-12,President Xi Jinping,"China, People’s Republic of","Offsite Meeting at Woodside, CA.",US State Dept Office of the Historian,2023,True,USIN-0509
2023-11-13,2023-11-13,President Joko Widodo,Indonesia,Official Working Visit.,US State Dept Office of the Historian,2023,True,USIN-0510
2023-11-14,2023-11-17,President Joko Widodo,Indonesia,"Attended the APEC Leaders' Summit at San Francisco, CA.",US State Dept Office of the Historian,2023,True,USIN-0511
2023-11-30,2023-11-30,President João Lourenço,Angola,Working Visit.,US State Dept Office of the Historian,2023,True,USIN-0512
2023-12-12,2023-12-12,President Volodymyr Zelenskyy,Ukraine,Official Working Visit.,US State Dept Office of the Historian,2023,True,USIN-0513
2024-02-09,2024-02-09,Chancellor Olaf Scholz,Germany,Working Visit.,US State Dept Office of the Historian,2024,True,USIN-0514
2024-02-12,2024-02-12,King Abdullah II,Jordan,Working Visit.,US State Dept Office of the Historian,2024,True,USIN-0515
2024-03-01,2024-03-01,Prime Minister Giorgia Meloni,Italy,Working Visit.,US State Dept Office of the Historian,2024,True,USIN-0516
2024-03-12,2024-03-12,President Andrzej Duda and Prime Minister Donald Tusk,Poland,Working Visit.,US State Dept Office of the Historian,2024,True,USIN-0517
2024-03-15,2024-03-15,Taoiseach Leo Varadkar,Ireland,Official Working Visit.,US State Dept Office of the Historian,2024,True,USIN-0518
2024-03-25,2024-03-25,President Bernardo Arévalo,Guatemala,Official Visit,US State Dept Office of the Historian,2024,True,USIN-0519
2024-04-10,2024-04-10,Prime Minister Kishida Fumio,Japan,Official Visit.,US State Dept Office of the Historian,2024,True,USIN-0520
2024-04-11,2024-04-11,President Ferdinand Marcos Jr.,Philippines,Working Visit.,US State Dept Office of the Historian,2024,True,USIN-0521
2024-04-15,2024-04-15,Prime Minister Mohammed Shyaa al-Sudani,Iraq,Working Visit.,US State Dept Office of the Historian,2024,True,USIN-0522
2024-04-15,2024-04-15,Prime Minister Petr Fiala,Czechia,Working Visit.,US State Dept Office of the Historian,2024,True,USIN-0523
2024-05-06,2024-05-06,King Abdullah II,Jordan,Private Visit.,US State Dept Office of the Historian,2024,True,USIN-0524
2024-05-07,2024-05-07,President Klaus Werner Iohannis,Romania,Working Visit.,US State Dept Office of the Historian,2024,True,USIN-0525
2024-05-23,2024-05-23,President William Ruto,Kenya,State Visit.,US State Dept Office of the Historian,2024,True,USIN-0526
2024-05-31,2024-05-31,Prime Minister Alexander De Croo,Belgium,Working Visit.,US State Dept Office of the Historian,2024,True,USIN-0527
2024-07-10,2024-07-11,President Gitanas Nausėda,Lithuania,"Attended NATO 75th Anniversary Summit in Washington, DC.",US State Dept Office of the Historian,2024,True,USIN-0528
2024-07-10,2024-07-11,Prime Minister Luc Frieden,Luxembourg,"Attended NATO 75th Anniversary Summit in Washington, DC.",US State Dept Office of the Historian,2024,True,USIN-0529
2024-07-10,2024-07-11,Prime Minister Milojko Spajić,Montenegro,"Attended NATO 75th Anniversary Summit in Washington, DC.",US State Dept Office of the Historian,2024,True,USIN-0530
2024-07-10,2024-07-11,Prime Minister Dick Schoof,Netherlands,"Attended NATO 75th Anniversary Summit in Washington, DC.",US State Dept Office of the Historian,2024,True,USIN-0531
2024-07-10,2024-07-11,Prime Minister Christopher Luxon,New Zealand,"Attended NATO 75th Anniversary Summit in Washington, DC.",US State Dept Office of the Historian,2024,True,USIN-0532
2024-07-10,2024-07-11,Prime Minister Keir Starmer,United Kingdom,"Attended NATO 75th Anniversary Summit in Washington, DC.",US State Dept Office of the Historian,2024,True,USIN-0533
2024-07-10,2024-07-11,Prime Minister Hristijan Mickoski,North Macedonia,"Attended NATO 75th Anniversary Summit in Washington, DC.",US State Dept Office of the Historian,2024,True,USIN-0534
2024-07-10,2024-07-11,Prime Minister Jonas Gahr Støre,Norway,"Attended NATO 75th Anniversary Summit in Washington, DC.",US State Dept Office of the Historian,2024,True,USIN-0535
2024-07-10,2024-07-11,President Yoon Suk Yeol,South Korea,"Attended NATO 75th Anniversary Summit in Washington, DC.",US State Dept Office of the Historian,2024,True,USIN-0536
2024-07-10,2024-07-11,Prime Minister Luís Montenegro,Portugal,"Attended NATO 75th Anniversary Summit in Washington, DC.",US State Dept Office of the Historian,2024,True,USIN-0537
2024-07-10,2024-07-11,President Klaus Werner Iohannis,Romania,"Attended NATO 75th Anniversary Summit in Washington, DC.",US State Dept Office of the Historian,2024,True,USIN-0538
2024-07-10,2024-07-11,President Peter Pellegrini,Slovakia,"Attended NATO 75th Anniversary Summit in Washington, DC.",US State Dept Office of the Historian,2024,True,USIN-0539
2024-07-10,2024-07-11,Prime Minister Robert Golob,Slovenia,"Attended NATO 75th Anniversary Summit in Washington, DC.",US State Dept Office of the Historian,2024,True,USIN-0540
2024-07-10,2024-07-11,President Pedro Sánchez,Spain,"Attended NATO 75th Anniversary Summit in Washington, DC.",US State Dept Office of the Historian,2024,True,USIN-0541
2024-07-10,2024-07-11,Prime Minister Ulf Kristersson,Sweden,"Attended NATO 75th Anniversary Summit in Washington, DC.",US State Dept Office of the Historian,2024,True,USIN-0542
2024-07-10,2024-07-11,President Recep Tayyip Erdoğan,Türkiye,"Attended NATO 75th Anniversary Summit in Washington, DC.",US State Dept Office of the Historian,2024,True,USIN-0543
2024-07-10,2024-07-11,President Andrzej Duda,Poland,"Attended NATO 75th Anniversary Summit in Washington, DC.",US State Dept Office of the Historian,2024,True,USIN-0544
2024-07-10,2024-07-11,President Edgars Rinkēvičs,Latvia,"Attended NATO 75th Anniversary Summit in Washington, DC.",US State Dept Office of the Historian,2024,True,USIN-0545
2024-07-10,2024-07-11,President Emmanuel Macron,France,"Attended NATO 75th Anniversary Summit in Washington, DC.",US State Dept Office of the Historian,2024,True,USIN-0546
2024-07-10,2024-07-11,Prime Minister Giorgia Meloni,Italy,"Attended NATO 75th Anniversary Summit in Washington, DC.",US State Dept Office of the Historian,2024,True,USIN-0547
2024-07-10,2024-07-11,Prime Minister Kishida Fumio,Japan,"Attended NATO 75th Anniversary Summit in Washington, DC.",US State Dept Office of the Historian,2024,True,USIN-0548
2024-07-10,2024-07-11,President Volodymyr Zelenskyy,Ukraine,"Attended NATO 75th Anniversary Summit in Washington, DC.",US State Dept Office of the Historian,2024,True,USIN-0549
2024-07-10,2024-07-11,Prime Minister Edi Rama,Albania,"Attended NATO 75th Anniversary Summit in Washington, DC.",US State Dept Office of the Historian,2024,True,USIN-0550
2024-07-10,2024-07-11,Prime Minister Alexander De Croo,Belgium,"Attended NATO 75th Anniversary Summit in Washington, DC.",US State Dept Office of the Historian,2024,True,USIN-0551
2024-07-10,2024-07-11,Prime Minister Dimitar Glavchev,Bulgaria,"Attended NATO 75th Anniversary Summit in Washington, DC.",US State Dept Office of the Historian,2024,True,USIN-0552
2024-07-10,2024-07-11,Prime Minister Justin Trudeau,Canada,"Attended NATO 75th Anniversary Summit in Washington, DC.",US State Dept Office of the Historian,2024,True,USIN-0553
2024-07-10,2024-07-11,President Zoran Milanović,Croatia,"Attended NATO 75th Anniversary Summit in Washington, DC.",US State Dept Office of the Historian,2024,True,USIN-0554
2024-07-10,2024-07-10,Prime Minister Keir Starmer,United Kingdom,Working Visit.,US State Dept Office of the Historian,2024,True,USIN-0555
2024-07-10,2024-07-11,Prime Minister Mette Frederiksen,Denmark,"Attended NATO 75th Anniversary Summit in Washington, DC.",US State Dept Office of the Historian,2024,True,USIN-0556
2024-07-10,2024-07-11,Prime Minister Kaja Kallas,Estonia,"Attended NATO 75th Anniversary Summit in Washington, DC.",US State Dept Office of the Historian,2024,True,USIN-0557
2024-07-10,2024-07-11,President Alexander Stubb,Finland,"Attended NATO 75th Anniversary Summit in Washington, DC.",US State Dept Office of the Historian,2024,True,USIN-0558
2024-07-10,2024-07-11,Chancellor Olaf Scholz,Germany,"Attended NATO 75th Anniversary Summit in Washington, DC.",US State Dept Office of the Historian,2024,True,USIN-0559
2024-07-10,2024-07-11,Prime Minister Kyriakos Mitsotakis,Greece,"Attended NATO 75th Anniversary Summit in Washington, DC.",US State Dept Office of the Historian,2024,True,USIN-0560
2024-07-10,2024-07-11,Prime Minister Viktor Orbán,Hungary,"Attended NATO 75th Anniversary Summit in Washington, DC.",US State Dept Office of the Historian,2024,True,USIN-0561
2024-07-10,2024-07-11,Prime Minister Bjarni Benediktsson,Iceland,"Attended NATO 75th Anniversary Summit in Washington, DC.",US State Dept Office of the Historian,2024,True,USIN-0562
2024-07-10,2024-07-11,President Petr Pavel,Czechia,"Attended NATO 75th Anniversary Summit in Washington, DC.",US State Dept Office of the Historian,2024,True,USIN-0563
2024-07-25,2024-07-25,Prime Minister Benjamin Netanyahu,Israel,Working Visit.,US State Dept Office of the Historian,2024,True,USIN-0564
2024-09-13,2024-09-13,Prime Minister Keir Starmer,United Kingdom,Working Visit.,US State Dept Office of the Historian,2024,True,USIN-0565
2024-09-21,2024-09-21,Prime Minister Anthony Albanese,Australia,"Attended Quad Leaders' Summit in Claymont, DE.",US State Dept Office of the Historian,2024,True,USIN-0566
2024-09-21,2024-09-21,Prime Minister Kishida Fumio,Japan,"Attended Quad Leaders' Summit in Claymont, DE.",US State Dept Office of the Historian,2024,True,USIN-0567
2024-09-21,2024-09-21,Prime Minister Narendra Modi,India,"Attended Quad Leaders' Summit in Claymont, DE.",US State Dept Office of the Historian,2024,True,USIN-0568
2024-09-23,2024-09-23,President Sheikh Mohamed bin Zayed Al Nahyan,United Arab Emirates ,Offical Visit.,US State Dept Office of the Historian,2024,True,USIN-0569
2024-09-24,2024-09-24,"President Surangel Whipps, Jr",Palau,Met with President Biden at the UN General Assembly in New York City.,US State Dept Office of the Historian,2024,True,USIN-0570
2024-09-24,2024-09-24,President Wesley Simina,Micronesia,Met with President Biden at the UN General Assembly in New York City.,US State Dept Office of the Historian,2024,True,USIN-0571
2024-09-24,2024-09-24,President Hilda Heine,Marshall Islands,Met with President Biden at the UN General Assembly in New York City.,US State Dept Office of the Historian,2024,True,USIN-0572
2024-09-25,2024-09-25,General Secretary Tô Lâm,Vietnam,Met with President Biden at the UN General Assembly in New York City.,US State Dept Office of the Historian,2024,True,USIN-0573
2024-09-25,2024-09-25,President Volodymyr Zelenskyy,Ukraine,Met with President Biden at the UN General Assembly in New York City.,US State Dept Office of the Historian,2024,True,USIN-0574
2024-09-26,2024-09-26,President Volodymyr Zelenskyy,Ukraine,Working Visit.,US State Dept Office of the Historian,2024,True,USIN-0575
2024-10-09,2024-10-09,Taoiseach Simon Harris,Ireland,Offical Visit.,US State Dept Office of the Historian,2024,True,USIN-0576
2024-10-22,2024-10-22,Prime Minister Robert Golob,Slovenia,Offical Visit.,US State Dept Office of the Historian,2024,True,USIN-0577
2024-10-30,2024-10-31,President Nikos Christodoulides,Cyprus,Offical Visit.,US State Dept Office of the Historian,2024,True,USIN-0578
2024-11-12,2024-11-12,President Prabowo Subianto,Indonesia,Offical Visit.,US State Dept Office of the Historian,2024,True,USIN-0579
2024-11-12,2024-11-12,President Isaac Herzog,Israel,Offical Visit.,US State Dept Office of the Historian,2024,True,USIN-0580
