leader,start_date,end_date,destination_country,locale,details,source,country_leader,year,flags,aspi_comparable
Xi Jinping,2013-03-22,2013-03-24,Russia,Moscow,State visit; His first foreign trip as China's paramount leader and state representative. Met with President Vladimir Putin to discuss bilateral ties. Discussions of a new comprehensive strategic cooperation plan between China and Russia were held. Increased tourism cooperation and cultural ties were agreed upon.Met with Chairman of the State Duma Sergei Naryshkin to discuss enhancement of inter-p,Wikipedia,China,2013,diplomatic_engagement,True
Xi Jinping,2013-03-24,2013-03-25,Tanzania,Dar es Salaam,State visit; Met with President of Tanzania Jakaya Mrisho Kikwete to discuss bilateral ties. A joint communique was signed on boosting friendly cooperation between China and Tanzania.Met with President of Zanzibar Ali Mohamed Shein to discuss bilateral ties.,Wikipedia,China,2013,diplomatic_engagement,True
Xi Jinping,2013-03-25,2013-03-29,South Africa,"Pretoria, Durban",State visit and attendance to the 5th BRICS summit.,Wikipedia,China,2013,diplomatic_engagement,True
Xi Jinping,2013-03-29,2013-03-30,Republic of the Congo,Brazzaville,State visit; Met with President Denis Sassou Nguesso to discuss bilateral ties. Talks were held to improve cooperation between Chinese doctors and African health services.,Wikipedia,China,2013,diplomatic_engagement,True
Xi Jinping,2013-05-31,2013-06-02,Trinidad and Tobago,Port of Spain,Met with President of Trinidad and Tobago Anthony Carmona and Prime Minister of Trinidad and Tobago Kamla Persad-Bissessar to discuss bilateral ties.Met with Trinidad and Tobago Senate President Timothy Hamel-Smith and Speaker of the House Wade Mark to discuss increased legislative exchanges between China and Trinidad and Tobago.Met with President of Guyana Donald Ramotar to discuss bilateral ties,Wikipedia,China,2013,diplomatic_engagement,True
Xi Jinping,2013-06-02,2013-06-04,Costa Rica,San José,,Wikipedia,China,2013,,True
Xi Jinping,2013-06-04,2013-06-07,Mexico,Mexico City,,Wikipedia,China,2013,,True
Xi Jinping,2013-06-07,2013-06-09,United States,"Ontario, CaliforniaRancho Mirage, CaliforniaIndian Wells, CaliforniaPalm Springs, California","Hosted by President Barack Obama at Sunnylands Estate in California in a 'shirtsleeves summit' with U.S. President Barack Obama in June 2013, although this was not considered a formal state visit. Also met with California Governor Jerry Brown at Indian Wells and Palm Springs.",Wikipedia,China,2013,diplomatic_engagement,True
Xi Jinping,2013-09-03,2013-09-04,Turkmenistan,Ashgabat,Met and discussed bilateral ties with President Gurbanguly Berdymukhamedov. Agreements reached on promotion of energy cooperation between China and Turkmenistan.,Wikipedia,China,2013,diplomatic_engagement,True
Xi Jinping,2013-09-04,2013-09-06,Russia,Saint Petersburg,State visit and attendance to the 8th G20 summit.,Wikipedia,China,2013,diplomatic_engagement,True
Xi Jinping,2013-09-06,2013-09-07,Kazakhstan,Astana,,Wikipedia,China,2013,,True
Xi Jinping,2013-09-08,2013-09-09,Uzbekistan,Tashkent,,Wikipedia,China,2013,,True
Xi Jinping,2013-09-10,2013-09-13,Kyrgyzstan,Bishkek,State visit and attendance to the 13th meeting of the Shanghai Cooperation Organisation.,Wikipedia,China,2013,diplomatic_engagement,True
Xi Jinping,2013-10-02,2013-10-02,Indonesia,Jakarta,,Wikipedia,China,2013,,True
Xi Jinping,2013-10-03,2013-10-05,Malaysia,Kuala Lumpur,,Wikipedia,China,2013,,True
Xi Jinping,2013-10-05,2013-10-08,Indonesia,Bali,Attendance to the APEC Indonesia 2013.,Wikipedia,China,2013,,True
Xi Jinping,2014-02-06,2014-02-08,Russia,Sochi,Attendance to the opening ceremony of the 2014 Winter Olympics.,Wikipedia,China,2014,,True
Xi Jinping,2014-03-22,2014-03-25,Netherlands,"Amsterdam, The Hague",State visit and attendance to the 3rd Nuclear Security Summit.,Wikipedia,China,2014,diplomatic_engagement,True
Xi Jinping,2014-03-25,2014-03-27,France,Lyon,,Wikipedia,China,2014,,True
Xi Jinping,2014-03-27,2014-03-29,Germany,Berlin,,Wikipedia,China,2014,,True
Xi Jinping,2014-03-30,2014-04-01,Belgium,"Brussels, Bruges",State visit,Wikipedia,China,2014,diplomatic_engagement,True
Xi Jinping,2014-07-03,2014-07-04,South Korea,Seoul,State visit. Met with President Park Geun-hye.,Wikipedia,China,2014,diplomatic_engagement,True
Xi Jinping,2014-07-14,2014-07-16,Brazil,"Fortaleza, Brasília",State visit and attendance to the 6th BRICS summit.,Wikipedia,China,2014,diplomatic_engagement,True
Xi Jinping,2014-07-19,2014-07-20,Argentina,Buenos Aires,State visit,Wikipedia,China,2014,diplomatic_engagement,True
Xi Jinping,2014-07-20,2014-07-21,Venezuela,Caracas,State visit,Wikipedia,China,2014,diplomatic_engagement,True
Xi Jinping,2014-07-21,2014-07-23,Cuba,Havana,State visit,Wikipedia,China,2014,diplomatic_engagement,True
Xi Jinping,2014-08-21,2014-08-22,Mongolia,Ulaanbaatar,State visit,Wikipedia,China,2014,diplomatic_engagement,True
Xi Jinping,2014-09-11,2014-09-14,Tajikistan,Dushanbe,State visit and attendance to 14th meeting of the Shanghai Cooperation Organisation.,Wikipedia,China,2014,diplomatic_engagement,True
Xi Jinping,2014-09-14,2014-09-16,Maldives,Malé,,Wikipedia,China,2014,,True
Xi Jinping,2014-09-16,2014-09-17,Sri Lanka,Colombo,,Wikipedia,China,2014,,True
Xi Jinping,2014-09-17,2014-09-19,India,"New Delhi
Ahmedabad",State visit. Met with Prime Minister Narendra Modi. Visited New Delhi and also went to Modi's hometown in the state of Gujarat.,Wikipedia,China,2014,diplomatic_engagement,True
Xi Jinping,2014-11-14,2014-11-19,Australia,"Brisbane, Sydney, Canberra, Hobart","Xi Jinping became the third Chinese President to visit Australia, after his two predecessors. Xi Jinping first attended the G20 Summit in Brisbane. He then flew to Australia's capital, Canberra to address a Joint Sitting of Australian Parliament, hold talks with Prime Minister Tony Abbott, Governor-General Peter Cosgrove and other Australian officials. He then went to Hobart, Tasmania, becoming th",Wikipedia,China,2014,diplomatic_engagement,True
Xi Jinping,2014-11-19,2014-11-21,New Zealand,Auckland,,Wikipedia,China,2014,,True
Xi Jinping,2014-11-21,2014-11-23,Fiji,Nadi,,Wikipedia,China,2014,,True
Xi Jinping,2015-04-20,2015-04-21,Pakistan,"Islamabad, Murree","State visit. Signed a series of infrastructure deals worth $45 billion related to the China–Pakistan Economic Corridor. During his visit, Pakistan's highest civilian award, the Nishan-e-Pakistan, was conferred upon him.",Wikipedia,China,2015,diplomatic_engagement,True
Xi Jinping,2015-04-22,2015-04-24,Indonesia,"Bandung, Jakarta",Met with President Joko Widodo. Attended the Afro-Asian Leaders Summit and the 60th Anniversary events of the Bandung Conference.,Wikipedia,China,2015,diplomatic_engagement,True
Xi Jinping,2015-05-07,2015-05-07,Kazakhstan,Astana,Met with President Nursultan Nazarbayev.,Wikipedia,China,2015,diplomatic_engagement,True
Xi Jinping,2015-05-08,2015-05-09,Russia,Moscow,"State visit. See 2015 Moscow Victory Day Parade for more information. Xi was the guest-of-honour of Russian president Vladimir Putin at the Parade. At the parade, Xi and his wife Peng Liyuan sat next to Putin.",Wikipedia,China,2015,diplomatic_engagement,True
Xi Jinping,2015-05-10,2015-05-11,Belarus,Minsk,State visit. Met with President Alexander Lukashenko.,Wikipedia,China,2015,diplomatic_engagement,True
Xi Jinping,2015-07-08,2015-07-11,Russia,Ufa,Attendance to the 7th BRICS summit.,Wikipedia,China,2015,,True
Xi Jinping,2015-07-08,2015-07-11,Russia,Ufa,Attendance to the 15th meeting of the Shanghai Cooperation Organisation.,Wikipedia,China,2015,,True
Xi Jinping,2015-09-22,2015-09-28,United States,"Seattle, Washington D.C., New York City",State visit. His first state visit to the United States.,Wikipedia,China,2015,diplomatic_engagement,True
Xi Jinping,2015-10-19,2015-10-24,United Kingdom,"London, Manchester","State visit. Met Queen Elizabeth II, Prime Minister David Cameron and other dignitaries. Longest visit ever made by Xi Jinping abroad. Increased customs, trade, and research collaborations between China and the U.K. were discussed, but more informal events also took place including a visit to Manchester City's football academy.",Wikipedia,China,2015,diplomatic_engagement,True
Xi Jinping,2015-11-05,2015-11-06,Vietnam,Hanoi,State visit.,Wikipedia,China,2015,diplomatic_engagement,True
Xi Jinping,2015-11-06,2015-11-07,Singapore,Singapore,State visit and First Ma–Xi meeting.,Wikipedia,China,2015,diplomatic_engagement,True
Xi Jinping,2015-11-14,2015-11-16,Turkey,Antalya,State visit and attendance to 10th G20 summit.,Wikipedia,China,2015,diplomatic_engagement,True
Xi Jinping,2015-11-17,2015-11-19,Philippines,Manila,Attendance to the APEC Philippines 2015.,Wikipedia,China,2015,,True
Xi Jinping,2015-11-29,2015-11-30,France,Paris,Attendance to the 2015 United Nations Climate Change Conference.,Wikipedia,China,2015,,True
Xi Jinping,2015-11-30,2015-12-01,Zimbabwe,Harare,,Wikipedia,China,2015,,True
Xi Jinping,2015-12-02,2015-12-05,South Africa,"Pretoria, Johannesburg",,Wikipedia,China,2015,,True
Xi Jinping,2016-01-19,2016-01-20,Saudi Arabia,Riyadh,,Wikipedia,China,2016,,True
Xi Jinping,2016-01-20,2016-01-21,Egypt,Cairo,,Wikipedia,China,2016,,True
Xi Jinping,2016-01-22,2016-01-22,Iran,Tehran,,Wikipedia,China,2016,,True
Xi Jinping,2016-03-28,2016-03-29,Czech Republic,Prague,"Met with the Czech president, prime minister and other representatives to promote relations and economic cooperation between the Czech Republic and the PRC. His visit was met by a considerable number of protests by Czechs.",Wikipedia,China,2016,,True
Xi Jinping,2016-03-31,2016-04-01,United States,Washington D.C.,Attendance to the 4th Nuclear Security Summit.,Wikipedia,China,2016,,True
Xi Jinping,2016-06-18,2016-06-18,Serbia,Belgrade,,Wikipedia,China,2016,,True
Xi Jinping,2016-06-20,2016-06-20,Poland,Warsaw,,Wikipedia,China,2016,,True
Xi Jinping,2016-06-21,2016-06-24,Uzbekistan,"Bukhara, Tashkent",State visit and attendance to the 16th meeting of the Shanghai Cooperation Organisation.,Wikipedia,China,2016,diplomatic_engagement,True
Xi Jinping,2016-10-13,2016-10-13,Cambodia,Phnom Penh,,Wikipedia,China,2016,,True
Xi Jinping,2016-10-14,2016-10-14,Bangladesh,Dhaka,,Wikipedia,China,2016,,True
Xi Jinping,2016-10-15,2016-10-15,India,Benaulim (Goa),State visit and attendance to the 8th BRICS summit.,Wikipedia,China,2016,diplomatic_engagement,True
Xi Jinping,2016-11-17,2016-11-17,Ecuador,Quito,,Wikipedia,China,2016,,True
Xi Jinping,2016-11-19,2016-11-21,Peru,Lima,State visit and attendance to the APEC Peru 2016.,Wikipedia,China,2016,diplomatic_engagement,True
Xi Jinping,2016-11-22,2016-11-23,Chile,Santiago,,Wikipedia,China,2016,,True
Xi Jinping,2016-11-24,2016-11-24,Spain,Gran Canaria,,Wikipedia,China,2016,,True
Xi Jinping,2017-01-16,2017-01-17,Switzerland,"Bern, Davos","State visit and attendance to the World Economic Forum, the first Chinese paramount leader to attend the WEF. Xi addressed the forum in a high-profile keynote, addressing globalization, the global trade agenda, and China's rising place in the world's economy and international governance; he made a series of pledges about China's defense of ""economic globalization"" and climate change accords. Durin",Wikipedia,China,2017,diplomatic_engagement,True
Xi Jinping,2017-04-05,2017-04-05,Finland,Helsinki,,Wikipedia,China,2017,,True
Xi Jinping,2017-04-06,2017-04-09,United States,"Palm Beach, Florida",Hosted by President Donald Trump at Mar-a-Lago.,Wikipedia,China,2017,,True
Xi Jinping,2017-06-07,2017-06-07,Kazakhstan,Astana,State visit and attendance to the 17th meeting of the Shanghai Cooperation Organisation and the Expo 2017.,Wikipedia,China,2017,diplomatic_engagement,True
Xi Jinping,2017-07-03,2017-07-03,Russia,Moscow,,Wikipedia,China,2017,,True
Xi Jinping,2017-07-04,2017-07-08,Germany,"Berlin, Hamburg",State visit and attendance to the 12th G20 summit.,Wikipedia,China,2017,diplomatic_engagement,True
Xi Jinping,2017-11-10,2017-11-12,Vietnam,Hanoi,State visit and attendance to the APEC Vietnam 2017.,Wikipedia,China,2017,diplomatic_engagement,True
Xi Jinping,2017-11-13,2017-11-14,Laos,Vientiane,State visit,Wikipedia,China,2017,diplomatic_engagement,True
Xi Jinping,2018-07-20,2018-07-20,United Arab Emirates,Abu Dhabi,,Wikipedia,China,2018,,True
Xi Jinping,2018-07-21,2018-07-21,Senegal,Dakar,,Wikipedia,China,2018,,True
Xi Jinping,2018-07-22,2018-07-22,Rwanda,Kigali,Xi and Peng Liyuan met with President Paul Kagame and his wife Jeannette Kagame. First visit by a Chinese paramount leader.,Wikipedia,China,2018,diplomatic_engagement,True
Xi Jinping,2018-07-24,2018-07-27,South Africa,"Pretoria, Johannesburg",State visit and attendance to 10th BRICS summit.,Wikipedia,China,2018,diplomatic_engagement,True
Xi Jinping,2018-07-27,2018-07-27,Mauritius,Port Louis,,Wikipedia,China,2018,,True
Xi Jinping,2018-09-11,2018-09-13,Russia,Vladivostok,Attendance to the 4th Eastern Economic Forum.,Wikipedia,China,2018,,True
Xi Jinping,2018-11-16,2018-11-17,Papua New Guinea,Port Moresby,State visit and attendance to the APEC Papua New Guinea 2018.,Wikipedia,China,2018,diplomatic_engagement,True
Xi Jinping,2018-11-18,2018-11-20,Brunei,Bandar Seri Begawan,,Wikipedia,China,2018,,True
Xi Jinping,2018-11-20,2018-11-21,Philippines,Manila,State visit,Wikipedia,China,2018,diplomatic_engagement,True
Xi Jinping,2018-11-27,2018-11-29,Spain,Madrid,"Met with the King Felipe VI, Prime Minister Pedro Sánchez and speakers of the Congress and Senate. Multiple bilateral relationship issues were discussed, including an invitation for Spain to join the Belt and Road Initiative. Agreements were signed addressing double taxation, scientific products or exports of Spanish food products.",Wikipedia,China,2018,diplomatic_engagement,True
Xi Jinping,2018-11-30,2018-12-01,Argentina,Buenos Aires,State visit and attendance to the 13th G20 summit.,Wikipedia,China,2018,diplomatic_engagement,True
Xi Jinping,2018-12-03,2018-12-03,Panama,Panama City,,Wikipedia,China,2018,,True
Xi Jinping,2018-12-04,2018-12-05,Portugal,Lisbon,,Wikipedia,China,2018,,True
Xi Jinping,2019-03-22,2019-03-24,Italy,Rome,State visit.,Wikipedia,China,2019,diplomatic_engagement,True
Xi Jinping,2019-03-24,2019-03-24,Monaco,Monaco,"Met with Albert II, Prince of Monaco.",Wikipedia,China,2019,,True
Xi Jinping,2019-03-24,2019-03-26,France,NiceParis,State visit.,Wikipedia,China,2019,diplomatic_engagement,True
Xi Jinping,2019-06-05,2019-06-08,Russia,MoscowSt. Petersburg,State visit and attendance to the St. Petersburg International Economic Forum.,Wikipedia,China,2019,diplomatic_engagement,True
Xi Jinping,2019-06-12,2019-06-14,Kyrgyzstan,Bishkek,State visit and attendance to the meeting of the Shanghai Cooperation Organisation.,Wikipedia,China,2019,diplomatic_engagement,True
Xi Jinping,2019-06-14,2019-06-16,Tajikistan,Dushanbe,State visit and attendance to the meeting of the Conference on Interaction and Confidence-Building Measures in Asia.,Wikipedia,China,2019,diplomatic_engagement,True
Xi Jinping,2019-06-20,2019-06-21,North Korea,Pyongyang,State visit. First Chinese leader to visit North Korea since his predecessor Hu Jintao's visit in 2005. See Kim–Xi meetings.,Wikipedia,China,2019,diplomatic_engagement,True
Xi Jinping,2019-06-27,2019-06-29,Japan,Osaka,Attendance to the 14th G20 summit. Met with U.S. President Donald Trump.,Wikipedia,China,2019,,True
Xi Jinping,2019-10-11,2019-10-12,India,Chennai Mahabalipuram,Informal summit with Prime Minister Narendra Modi.,Wikipedia,China,2019,,True
Xi Jinping,2019-10-12,2019-10-13,Nepal,Kathmandu,State visit.,Wikipedia,China,2019,diplomatic_engagement,True
Xi Jinping,2019-11-10,2019-11-12,Greece,Athens,State visit.,Wikipedia,China,2019,diplomatic_engagement,True
Xi Jinping,2019-11-12,2019-11-14,Brazil,Brasília,Attendance to the 11th BRICS summit. Met with President Jair Bolsonaro.,Wikipedia,China,2019,diplomatic_engagement,True
Xi Jinping,2020-01-17,2020-01-18,Myanmar,Nay Pyi Taw,"State visit. Met President Win Myint, State Councillor Aung San Suu Kyi and military leader Min Aung Hlaing.",Wikipedia,China,2020,diplomatic_engagement,True
Xi Jinping,2022-09-14,2022-09-14,Kazakhstan,Nur-Sultan,"State visit. Xi's first visit outside China since January 2020, the start of the COVID-19 pandemic. Met with President Kassym-Jomart Tokayev.",Wikipedia,China,2022,diplomatic_engagement,True
Xi Jinping,2022-09-14,2022-09-16,Uzbekistan,Samarkand,"State visit and attendance to 2022 Samarkand SCO summit. Met with Central Asian leaders as well as Russian president Vladimir Putin, his first since Russia invaded Ukraine on 24 February 2022.",Wikipedia,China,2022,diplomatic_engagement,True
Xi Jinping,2022-11-14,2022-11-17,Indonesia,Bali,"Attendance to the 17th G20 summit. Met numerous world leaders including the US president Joe Biden, Australian Prime Minister Anthony Albanese, French President Emmanuel Macron and South Korean president Yoon Suk-yeol.",Wikipedia,China,2022,,True
Xi Jinping,2022-11-17,2022-11-19,Thailand,Bangkok,"State visit and attendance to the APEC Thailand 2022. Met with leaders including Japanese Prime Minister Fumio Kishida, New Zealand Prime Minister Jacinda Ardern, Thai Prime Minister Prayut Chan-o-cha and US Vice President Kamala Harris.",Wikipedia,China,2022,diplomatic_engagement,True
Xi Jinping,2022-12-07,2022-12-10,Saudi Arabia,Riyadh,"State visit and attendance to the China-Arab States Summit and China-GCC Summit. Met king Salman, and crown prince and prime minister Mohammed bin Salman. Xi also met with numerous Arab leaders, including members of the Gulf Cooperation Council. During the meeting, he signed numerous commercial deals with Saudi Arabia and formally elevated the relationship to comprehensive strategic partnership, h",Wikipedia,China,2022,diplomatic_engagement,True
Xi Jinping,2023-03-20,2023-03-22,Russia,Moscow,"State visit. Second meeting with Putin after the Russian invasion of Ukraine, as well as his first trip overseas after the 2023 National People's Congress. The visited came at the backdrop of Russia's invasion of Ukraine, as well as an arrest warrant for Putin issued by the International Criminal Court. During the visit, Xi met with Putin, as well as Prime Minister Mikhail Mishustin. Putin and Xi ",Wikipedia,China,2023,diplomatic_engagement,True
Xi Jinping,2023-08-21,2023-08-24,South Africa,PretoriaJohannesburg,"State visit and attendance to the 15th BRICS summit. Met with various BRICS leaders, as well as various leaders from the African continent.",Wikipedia,China,2023,diplomatic_engagement,True
Xi Jinping,2023-11-14,2023-11-17,United States,San Francisco,Attendance to the US-China leader summit and the APEC United States 2023.,Wikipedia,China,2023,,True
Xi Jinping,2023-12-12,2023-12-13,Vietnam,Hanoi,State visit.,Wikipedia,China,2023,diplomatic_engagement,True
Xi Jinping,2024-05-05,2024-05-07,France,ParisTarbes,State visit. Met with French president Emmanuel Macron and European Commission President Ursula von der Leyen.,Wikipedia,China,2024,diplomatic_engagement,True
Xi Jinping,2024-05-07,2024-05-08,Serbia,Belgrade,State visit,Wikipedia,China,2024,diplomatic_engagement,True
Xi Jinping,2024-05-08,2024-05-10,Hungary,Budapest,State visit,Wikipedia,China,2024,diplomatic_engagement,True
Xi Jinping,2024-07-02,2024-07-04,Kazakhstan,Astana,State visit and attendance to the 2024 SCO summit.,Wikipedia,China,2024,diplomatic_engagement,True
Xi Jinping,2024-07-04,2024-07-06,Tajikistan,Dushanbe,State visit,Wikipedia,China,2024,diplomatic_engagement,True
Xi Jinping,2024-10-22,2024-10-24,Russia,Kazan,Attendance to the 16th BRICS summit.,Wikipedia,China,2024,,True
Xi Jinping,2024-11-14,2024-11-17,Peru,Lima,Attendance to the APEC Peru 2024. State visit.,Wikipedia,China,2024,diplomatic_engagement,True
Xi Jinping,2024-11-17,2024-11-21,Brazil,Rio de Janeiro & Brasília,Attendance to the 19th G20 summit. State visit.,Wikipedia,China,2024,diplomatic_engagement,True
Xi Jinping,2024-11-21,2024-11-22,Morocco,Casablanca,"Met with Crown Prince, head of government and other officials.",Wikipedia,China,2024,,True
Xi Jinping,2025-04-14,2025-04-15,Vietnam,Hanoi,State visit,Wikipedia,China,2025,diplomatic_engagement,True
Xi Jinping,2025-04-15,2025-04-17,Malaysia,Kuala Lumpur,State visit,Wikipedia,China,2025,diplomatic_engagement,True
Xi Jinping,2025-04-17,2025-04-18,Cambodia,Phnom Penh,State visit,Wikipedia,China,2025,diplomatic_engagement,True
Xi Jinping,2025-05-07,2025-05-10,Russia,Moscow,State visit and participation in the festivities commemorating the 2025 Moscow Victory Day Parade.,Wikipedia,China,2025,diplomatic_engagement,True
Xi Jinping,2025-06-16,2025-06-18,Kazakhstan,Astana,State visit and participation in the 2025 China–Central Asia Summit.,Wikipedia,China,2025,diplomatic_engagement,True
Xi Jinping,2025-10-30,2025-11-01,South Korea,Busan,Met with U.S. President Donald Trump at the Busan Summit.,Wikipedia,China,2025,,True
Xi Jinping,2025-10-30,2025-11-01,South Korea,Gyeongju,Attendance to the APEC South Korea 2025.,Wikipedia,China,2025,,True
Xi Jinping,2026-06-08,2026-06-09,North Korea,Pyongyang,State visit. See Kim–Xi meetings.,Wikipedia,China,2026,diplomatic_engagement,True
Barack Obama,2013-03-20,2013-03-22,Israel,"Tel Aviv, Jerusalem",Met with President Shimon Peres and Prime Minister Benjamin Netanyahu.,US State Dept Office of the Historian,United States,2013,diplomatic_engagement,True
Barack Obama,2013-03-21,2013-03-22,Palestinian Authority,"Ramallah, Al-Bireh, Bethlehem",Met with President Mahmoud Abbas.,US State Dept Office of the Historian,United States,2013,diplomatic_engagement,True
Barack Obama,2013-03-22,2013-03-24,Jordan,"Amman, Petra",Met with King Abdullah II.,US State Dept Office of the Historian,United States,2013,diplomatic_engagement,True
Barack Obama,2013-05-02,2013-05-03,Mexico,Mexico City,Met with President Enrique Pena Nieto.,US State Dept Office of the Historian,United States,2013,diplomatic_engagement,True
Barack Obama,2013-05-03,2013-05-04,Costa Rica,San Jose,Met with President Laura Chinchilla and leaders of the Central American Integration System.,US State Dept Office of the Historian,United States,2013,diplomatic_engagement,True
Barack Obama,2013-06-16,2013-06-18,United Kingdom (Northern Ireland),"Belfast, Enniskillen",Attended the G-8 Economic Summit Meeting.,US State Dept Office of the Historian,United States,2013,diplomatic_engagement,True
Barack Obama,2013-06-18,2013-06-19,Germany,Berlin,Met with President Joachim Gauck and Chancellor Angela Merkel.,US State Dept Office of the Historian,United States,2013,diplomatic_engagement,True
Barack Obama,2013-06-26,2013-06-28,Senegal,Dakar,Met with President Macky Sall.,US State Dept Office of the Historian,United States,2013,diplomatic_engagement,True
Barack Obama,2013-06-28,2013-07-01,South Africa,"Johannesburg, Pretoria, Cape Town",Met with President Jacob Zuma and with members of the Mandela family. Visited Robben Island.,US State Dept Office of the Historian,United States,2013,diplomatic_engagement,True
Barack Obama,2013-07-01,2013-07-02,Tanzania,Dar es Salaam,Met with President Jakaya Kikwete. Laid a wreath at the memorial to the 1998 Embassy bombing.,US State Dept Office of the Historian,United States,2013,diplomatic_engagement,True
Barack Obama,2013-07-02,2013-07-02,Senegal,Dakar,Stopped during return to Washington.,US State Dept Office of the Historian,United States,2013,stopover,False
Barack Obama,2013-09-04,2013-09-05,Sweden,Stockholm,Met with King Carl XVI Gustaf and Prime Minister John Fredrik Reinfeldt.,US State Dept Office of the Historian,United States,2013,diplomatic_engagement,True
Barack Obama,2013-09-05,2013-09-06,Russia,St. Petersburg,Attended the G-20 Economic Summit.,US State Dept Office of the Historian,United States,2013,diplomatic_engagement,True
Barack Obama,2013-12-09,2013-12-11,South Africa,Johannesburg,Attended memorial service for former President Nelson Mandela.,US State Dept Office of the Historian,United States,2013,,True
Barack Obama,2013-12-09,2013-12-09,Senegal,Dakar,Stopped en route to South Africa,Wikipedia (supplement),United States,2013,stopover,False
Barack Obama,2013-12-11,2013-12-11,Senegal,Dakar,Stopped during return to Washington D.C.,Wikipedia (supplement),United States,2013,stopover,False
Barack Obama,2014-02-14,2014-02-14,Mexico,Toluca,Attended the North American Leaders Summit.,US State Dept Office of the Historian,United States,2014,diplomatic_engagement,True
Barack Obama,2014-03-24,2014-03-25,Netherlands,"The Hague, Amsterdam","Attended the World Forum the Nuclear Security Summit, and a G-7 meeting on the Ukrainian crisis. Met with King Willem-Alexander and President Nursultan Nazarbayev of Kazakhstan.",US State Dept Office of the Historian,United States,2014,diplomatic_engagement,True
Barack Obama,2014-03-25,2014-03-26,Belgium,"Waregem, Brussels",Attended a wreath-laying ceremony at the Flanders Field American Cemetery. Attended a meeting of the Council of the European Union.,US State Dept Office of the Historian,United States,2014,,True
Barack Obama,2014-03-26,2014-03-28,Italy,Rome,Met with President Giorgio Napolitano and Prime Minister Matteo Renzi. Toured the Colosseum.,US State Dept Office of the Historian,United States,2014,diplomatic_engagement,True
Barack Obama,2014-03-27,2014-03-27,Vatican City,,Audience with Pope Francis and a meeting with Secretary of State Cardinal Pietro Parolin.,US State Dept Office of the Historian,United States,2014,diplomatic_engagement,True
Barack Obama,2014-03-28,2014-03-29,Saudi Arabia,"Riyadh, Rawdat Khurain",Met with King Abdullah bin Abdel Aziz al-Saud.,US State Dept Office of the Historian,United States,2014,diplomatic_engagement,True
Barack Obama,2014-03-29,2014-03-29,Germany,Ramstein Air Force Base,Visited wounded U.S. military personnel.,US State Dept Office of the Historian,United States,2014,military_base,False
Barack Obama,2014-04-22,2014-04-25,Japan,Tokyo,Met with Prime Minister Shinzo Abe and Emperor Akihito. Toured the National Museum of Emerging Science and Innovation. Toured the Meiji Jingu Shrine.,US State Dept Office of the Historian,United States,2014,diplomatic_engagement,True
Barack Obama,2014-04-25,2014-04-26,"Korea, Republic of",Seoul,"Met with President Park Geun-hye, attended a wreath-laying ceremony at the National War Memorial, and visited U.S. military personnel.",US State Dept Office of the Historian,United States,2014,military_base;diplomatic_engagement,True
Barack Obama,2014-04-26,2014-04-28,Malaysia,Kuala Lumpur,"Met with Prime Minister Najib Razak, toured the National Mosque and the Malaysian Global Innovation and Creativity Center.",US State Dept Office of the Historian,United States,2014,diplomatic_engagement,True
Barack Obama,2014-04-28,2014-04-29,Philippines,"Manila, Taguig",Met with President Benigno S. Aquino 3rd. Attended a wreath-laying ceremony at the American Manila Cemetery.,US State Dept Office of the Historian,United States,2014,diplomatic_engagement,True
Barack Obama,2014-05-25,2014-05-25,Afghanistan,Bagram,Toured the Joint Operating Center and met with U.S. military personnel.,US State Dept Office of the Historian,United States,2014,military_base,False
Barack Obama,2014-05-26,2014-05-26,Germany,Ramstein Air Force Base,Stopped while returning to Washington.,US State Dept Office of the Historian,United States,2014,stopover,False
Barack Obama,2014-06-03,2014-06-04,Poland,Warsaw,Met with President Bronislaw Komorowski. Attended a Solidarity Dinner and a Freedom Day commemoration.,US State Dept Office of the Historian,United States,2014,diplomatic_engagement,True
Barack Obama,2014-06-04,2014-06-05,Belgium,Brussels,Met with King Philippe and Prime Minister Elio Di Rupo. Attended meetings of the G-7 leaders.,US State Dept Office of the Historian,United States,2014,diplomatic_engagement,True
Barack Obama,2014-06-05,2014-06-06,France,"Paris, Omaha Beach, Benouville, Ouistreham",Met with President Francois Hollande. Attended ceremonies commemorating the 70th anniversary of the Normandy landings. Discussed the Ukrainian situation with Russian President Vladimir Putin.,US State Dept Office of the Historian,United States,2014,diplomatic_engagement,True
Barack Obama,2014-09-03,2014-09-03,Estonia,Tallinn,Met with President Toomas Ilves and Prime Minister Taavi Roivas.,US State Dept Office of the Historian,United States,2014,diplomatic_engagement,True
Barack Obama,2014-09-03,2014-09-05,United Kingdom (Wales),"Newport, Cardiff",Attended a NATO Summit Meeting. Also visited Stonehenge.,US State Dept Office of the Historian,United States,2014,,True
Barack Obama,2014-11-10,2014-11-12,"China, People’s Republic of",Beijing,Attended the Asia Pacific Economic Cooperation CEO Summit Meeting and the Trans Pacific Partnership Leaders Meeting.,US State Dept Office of the Historian,United States,2014,diplomatic_engagement,True
Barack Obama,2014-11-12,2014-11-14,Burma,"Nay Pyi Taw, Rangoon",Attended a United States-Association of Southeast Asian Naations Summit Meeting.,US State Dept Office of the Historian,United States,2014,,True
Barack Obama,2014-11-15,2014-11-16,Australia,Brisbane,Attended a G-20 Summit Meeting.,US State Dept Office of the Historian,United States,2014,,True
Barack Obama,2015-01-24,2015-01-24,Germany,Ramstein Air Force Base,Stopped en route to India.,US State Dept Office of the Historian,United States,2015,stopover,False
Barack Obama,2015-01-24,2015-01-27,India,New Delhi,Met with President Pranab Mukherjee and Prime Minister Narendra Modi.,US State Dept Office of the Historian,United States,2015,diplomatic_engagement,True
Barack Obama,2015-01-27,2015-01-27,Saudi Arabia,Riyadh,Met with King Salman bin Abdel Aziz al-Saud and senior officials.,US State Dept Office of the Historian,United States,2015,diplomatic_engagement,True
Barack Obama,2015-01-27,2015-01-27,Germany,Ramstein Air Force Base,Stopped while returning to Washington.,US State Dept Office of the Historian,United States,2015,stopover,False
Barack Obama,2015-04-08,2015-04-09,Jamaica,Kingston,Attended a CARICOM meeting.,US State Dept Office of the Historian,United States,2015,,True
Barack Obama,2015-04-09,2015-04-11,Panama,Panama City,Attended a Summit of the Americas meeting.,US State Dept Office of the Historian,United States,2015,,True
Barack Obama,2015-06-07,2015-06-08,Germany,"Munich, Krun, Elmau",Attended the G-7 Summit Meeting.,US State Dept Office of the Historian,United States,2015,diplomatic_engagement,True
Barack Obama,2015-07-24,2015-07-24,Germany,Ramstein Air Force Base,"Stopped en route to Nairobi, Kenya.",US State Dept Office of the Historian,United States,2015,stopover,False
Barack Obama,2015-07-24,2015-07-26,Kenya,Nairobi,Attended Global Entrepreneurship Summit and met with President Uhuru Kenyatta. Attended a State dinner.,US State Dept Office of the Historian,United States,2015,diplomatic_engagement,True
Barack Obama,2015-07-26,2015-07-28,Ethiopia,Addis Ababa,Attended a meeting on South Sudan and Counterterrorism Issues and met with Prime Minister Hailemariam Desalegn (State dinner). Addressed the African Union.,US State Dept Office of the Historian,United States,2015,diplomatic_engagement,True
Barack Obama,2015-07-28,2015-07-28,Germany,Ramstein Air Force Base,"Stopped en route from Addis Ababa, Ethiopia.",US State Dept Office of the Historian,United States,2015,stopover,False
Barack Obama,2015-11-15,2015-11-16,Turkey,Antalya,Attended the G-20 Economic Summit.,US State Dept Office of the Historian,United States,2015,diplomatic_engagement,True
Barack Obama,2015-11-17,2015-11-20,Philippines,Manila,"Attended the Trans-Pacific Partnership, Pacific Alliance, and APEC Summit Meetings.",US State Dept Office of the Historian,United States,2015,diplomatic_engagement,True
Barack Obama,2015-11-20,2015-11-22,Malaysia,Kuala Lumpur,Attended ASEAN Summit Meeting.,US State Dept Office of the Historian,United States,2015,,True
Barack Obama,2015-11-22,2015-11-23,Japan,Yokota Air Base,Stopped during return to Washington D.C.,Wikipedia (supplement),United States,2015,stopover,False
Barack Obama,2015-11-30,2015-12-01,France,Paris,Attended the UN Climate Change Conference.,US State Dept Office of the Historian,United States,2015,,True
Barack Obama,2016-03-20,2016-03-22,Cuba,Havana,Met with President Raul Castro.,US State Dept Office of the Historian,United States,2016,diplomatic_engagement,True
Barack Obama,2016-03-23,2016-03-24,Argentina,"Buenos Aires, San Carlos de Bariloche",Met with President Mauricio Macri. Toured Llao Llao Park.,US State Dept Office of the Historian,United States,2016,diplomatic_engagement,True
Barack Obama,2016-04-19,2016-04-19,Germany,Ramstein Air Force Base,Stopped en route to Saudi Arabia.,US State Dept Office of the Historian,United States,2016,stopover,False
Barack Obama,2016-04-20,2016-04-21,Saudi Arabia,Riyadh,Met with King Salman bin Abd-al Aziz Al Saud and attended the U.S.-Gulf Cooperation Council Summit.,US State Dept Office of the Historian,United States,2016,diplomatic_engagement,True
Barack Obama,2016-04-21,2016-04-24,United Kingdom,London,Met with Queen Elizabeth II and Prime Minister David W. D. Cameron.,US State Dept Office of the Historian,United States,2016,diplomatic_engagement,True
Barack Obama,2016-04-24,2016-04-25,Germany,Hannover,"Met with Chancellor Angela Merkel, French President Francois Hollande, Italian Prime Minister Matteo Renzi, and British Prime Minister David W. D. Cameron.",US State Dept Office of the Historian,United States,2016,diplomatic_engagement,True
Barack Obama,2016-05-22,2016-05-22,Japan,Yokota Air Force Base,Stopped en route to Vietnam.,US State Dept Office of the Historian,United States,2016,stopover,False
Barack Obama,2016-05-23,2016-05-25,Vietnam,"Hanoi, Ho Chi Minh City",Met with President Tran Dai Quang and Prime Minister Nguyen Xuan Phuc.,US State Dept Office of the Historian,United States,2016,diplomatic_engagement,True
Barack Obama,2016-05-25,2016-05-29,Japan,"Shima City, Ise, Iwakuni, Hiroshima",Attended the G-7 Economic Summit. Attended ceremonies at the Hiroshima Peace Memorial Park. .,US State Dept Office of the Historian,United States,2016,diplomatic_engagement,True
Barack Obama,2016-06-29,2016-06-29,Canada,Ottawa,Attended the North American Leaders Summit.,US State Dept Office of the Historian,United States,2016,diplomatic_engagement,True
Barack Obama,2016-07-07,2016-07-09,Poland,Warsaw,Attended a NATO Summit Meeting and a NATO leaders’ meeting on Afghanistan.,US State Dept Office of the Historian,United States,2016,,True
Barack Obama,2016-07-09,2016-07-10,Spain,"Madrid, Torrejon Air Base, Rota",Met with Spanish political leaders at Torrejon Air Base and visited Naval Station Rota.,US State Dept Office of the Historian,United States,2016,military_base,False
Barack Obama,2016-09-03,2016-09-05,"China, People’s Republic of",Hangzhou,Attended the G-20 Summit Meeting.,US State Dept Office of the Historian,United States,2016,diplomatic_engagement,True
Barack Obama,2016-09-05,2016-09-09,Laos,"Vientiane, Luang Prabang",Met with President Bounnyang Vorachit and attended an East Asia Summit Meeting.,US State Dept Office of the Historian,United States,2016,diplomatic_engagement,True
Barack Obama,2016-09-09,2016-09-09,Japan,Yokota Air Force Base,Stopped while returning to the United States.,US State Dept Office of the Historian,United States,2016,stopover,False
Barack Obama,2016-09-30,2016-09-30,Israel,Jerusalem,Attended the state funeral of former President Shimon Peres.,US State Dept Office of the Historian,United States,2016,diplomatic_engagement,True
Barack Obama,2016-11-15,2016-11-16,Greece,Athens,Met with President Prokopios Pavlopoulis and Prime Minister Alexios Tsipras.,US State Dept Office of the Historian,United States,2016,diplomatic_engagement,True
Barack Obama,2016-11-16,2016-11-18,Germany,Berlin,"Met with Chancellor Angela Merkel, French President Francois Hollande, Spanish Prime Minister Mariano Rajoy, Italian Prime Minister Matteo Renzi, and British Prime Minister Theresa May.",US State Dept Office of the Historian,United States,2016,diplomatic_engagement,True
Barack Obama,2016-11-18,2016-11-20,Peru,Lima,Met with President Pedro Pablo Kuczynski and attended Trans-Pacific Partnership and APEC Summit Meetings.,US State Dept Office of the Historian,United States,2016,diplomatic_engagement,True
Barack Obama,2016-11-18,2016-11-18,Portugal,Terceira Island,Air Force One refueling stop at Lajes Air Base.,Wikipedia (supplement),United States,2016,stopover;military_base,False
Donald J. Trump,2017-05-20,2017-05-22,Saudi Arabia,Riyadh,Met with King Salman bin Abdel Aziz Al-Saud. Signed military sales agreement. Met with leaders of the Gulf Cooperation Council.,US State Dept Office of the Historian,United States,2017,diplomatic_engagement,True
Donald J. Trump,2017-05-22,2017-05-23,Israel,Jerusalem,Met with President Reuven Rivlin and Prime Minister Benjamin Netanyahu. Visited the Western Wall and Yad Vashem.,US State Dept Office of the Historian,United States,2017,diplomatic_engagement,True
Donald J. Trump,2017-05-23,2017-05-23,Palestinian Authority,Bethlehem,Met with President Mahmoud Abbas.,US State Dept Office of the Historian,United States,2017,diplomatic_engagement,True
Donald J. Trump,2017-05-23,2017-05-24,Italy,Rome,Met with President Sergio Mattarella and Prime Minister Paolo Gentiloni.,US State Dept Office of the Historian,United States,2017,diplomatic_engagement,True
Donald J. Trump,2017-05-23,2017-05-23,Palestine,Bethlehem,Met with Palestinian president Mahmoud Abbas.,Wikipedia (supplement),United States,2017,,True
Donald J. Trump,2017-05-24,2017-05-24,Vatican City,,Met with Pope Francis and Secretary of State Cardinal Pietro Parolin.,US State Dept Office of the Historian,United States,2017,,True
Donald J. Trump,2017-05-24,2017-05-25,Belgium,Brussels,Attended a NATO Summit Meeting.,US State Dept Office of the Historian,United States,2017,,True
Donald J. Trump,2017-05-25,2017-05-27,Italy,"Taormina, Sigonella",Attended the G–7 Summit Meeting. Stopped at NAS Sigonella while returning to the United States.,US State Dept Office of the Historian,United States,2017,stopover;diplomatic_engagement,True
Donald J. Trump,2017-07-05,2017-07-06,Poland,Warsaw,"Met with President Andrzej Duda, delivered a public address, and addressed the Three Seas Summit.",US State Dept Office of the Historian,United States,2017,diplomatic_engagement,True
Donald J. Trump,2017-07-06,2017-07-08,Germany,Hamburg,Attended the G–20 Summit.,US State Dept Office of the Historian,United States,2017,diplomatic_engagement,True
Donald J. Trump,2017-07-13,2017-07-14,France,Paris,Official visit. Met with President Emmanuel Macron. Commemorated Bastille Day and the entry of the United States into World War I.,US State Dept Office of the Historian,United States,2017,diplomatic_engagement,True
Donald J. Trump,2017-11-05,2017-11-07,Japan,"Kawagoe, Tokyo",Met with Prime Minister Shinzō Abe and Emperor Akihito.,US State Dept Office of the Historian,United States,2017,diplomatic_engagement,True
Donald J. Trump,2017-11-07,2017-11-08,"Korea, Republic of","Osan, Seoul",Met with President Moon Jae-in. Visited U.S. Military personnel at Garrisons Humphreys and Yongsan.,US State Dept Office of the Historian,United States,2017,military_base;diplomatic_engagement,True
Donald J. Trump,2017-11-08,2017-11-10,"China, People’s Republic of",Beijing,Met with President Xi Jinping. State Dinner.,US State Dept Office of the Historian,United States,2017,diplomatic_engagement,True
Donald J. Trump,2017-11-10,2017-11-12,Vietnam,"Danang, Hanoi",Attended the APEC Economic Leaders Meeting. Met with President Tran Dai Quang.,US State Dept Office of the Historian,United States,2017,diplomatic_engagement,True
Donald J. Trump,2017-11-12,2017-11-14,Philippines,Manila,Met with President Rodrigo Duterte and attended the 31st ASEAN Summit Meeting.,US State Dept Office of the Historian,United States,2017,diplomatic_engagement,True
Donald J. Trump,2018-01-24,2018-01-26,Switzerland,Davos,Attended the 2018 World Economic Forum.,US State Dept Office of the Historian,United States,2018,,True
Donald J. Trump,2018-06-09,2018-06-09,Canada,Charlevoix,Attended the G–7 meetings.,US State Dept Office of the Historian,United States,2018,diplomatic_engagement,True
Donald J. Trump,2018-06-10,2018-06-13,Singapore,Singapore,Participated in the summit with North Korean leader Kim Jong-un and bilateral events with Singaporean Prime Minister Lee Hsien Loong.,US State Dept Office of the Historian,United States,2018,diplomatic_engagement,True
Donald J. Trump,2018-07-10,2018-07-12,Belgium,Brussels,Attended NATO Summit Meeting.,US State Dept Office of the Historian,United States,2018,,True
Donald J. Trump,2018-07-12,2018-07-13,United Kingdom,London,Met with Queen Elizabeth II and Prime Minister Theresa May.,US State Dept Office of the Historian,United States,2018,diplomatic_engagement,True
Donald J. Trump,2018-07-16,2018-07-16,Finland,Helsinki,Bilateral meeting with Russian President Vladimir Putin.,US State Dept Office of the Historian,United States,2018,diplomatic_engagement,True
Donald J. Trump,2018-11-10,2018-11-11,France,Paris,Commemorated the 100th anniversary of the end of the WWI and met with French President Emmanuel Macron.,US State Dept Office of the Historian,United States,2018,,True
Donald J. Trump,2018-11-29,2018-12-01,Argentina,Buenos Aires,Participated in the G–20 Leaders’ Summit.,US State Dept Office of the Historian,United States,2018,,True
Donald J. Trump,2018-12-26,2018-12-26,Iraq,Al Asad Airbase,Visited with U.S. military personnel serving in Western Iraq accompanied by First Lady Melania Trump. This was the president's second trip to a U.S. combat zone.,Wikipedia (supplement),United States,2018,military_base,False
Donald J. Trump,2018-12-26,2018-12-27,Germany,Ramstein Air Base,"Visited with United States Armed Forces serving in Rhineland-Palatinate, Germany.",Wikipedia (supplement),United States,2018,military_base,False
Donald J. Trump,2019-02-27,2019-02-28,Vietnam,Hanoi,Attended the second North Korea-U.S. summit.,US State Dept Office of the Historian,United States,2019,diplomatic_engagement,True
Donald J. Trump,2019-05-25,2019-05-28,Japan,Tokyo,State Visit following the enthronement of Emperor Naruhito.,US State Dept Office of the Historian,United States,2019,diplomatic_engagement,True
Donald J. Trump,2019-06-03,2019-06-05,United Kingdom,London,State Visit.,US State Dept Office of the Historian,United States,2019,diplomatic_engagement,True
Donald J. Trump,2019-06-05,2019-06-06,Ireland,"Shannon,County Clare",Met with Taoiseach Leo Varadkar. Spent one night at his International golf resort in Doonbeg.,Wikipedia (supplement),United States,2019,private;diplomatic_engagement,True
Donald J. Trump,2019-06-06,2019-06-06,France,"Colleville-sur-Mer, Caen",Attended remembrance ceremony on the 75th Anniversary of D-Day.,US State Dept Office of the Historian,United States,2019,,True
Donald J. Trump,2019-06-06,2019-06-07,Ireland,"Shannon,County Clare",Spent one night at his International golf resort in Doonbeg,Wikipedia (supplement),United States,2019,private,True
Donald J. Trump,2019-06-28,2019-06-30,Japan,Osaka,Participated in the G–20 Leaders’ Summit.,US State Dept Office of the Historian,United States,2019,,True
Donald J. Trump,2019-06-30,2019-06-30,"Korea, South",Seoul,"Met with President Moon Jae-in, and crossed briefly into North Korean territory where he was photographed with and spoke to Chairman Kim Jong-un.",US State Dept Office of the Historian,United States,2019,diplomatic_engagement,True
Donald J. Trump,2019-06-30,2019-06-30,North Korea,Joint Security Area,"Briefly walked into the northern side of the Joint Security Area of the Korean Demilitarized Zone, accompanied by North Korean chairman Kim Jong Un, becoming the first sitting U.S. president to enter North Korea.",Wikipedia (supplement),United States,2019,,True
Donald J. Trump,2019-08-24,2019-08-26,France,Biarritz,Attended the G–7 Summit Meeting.,US State Dept Office of the Historian,United States,2019,diplomatic_engagement,True
Donald J. Trump,2019-11-28,2019-11-28,Afghanistan,Bagram,Visited U.S. troops at Bagram Airfield.,US State Dept Office of the Historian,United States,2019,military_base,False
Donald J. Trump,2019-12-03,2019-12-04,United Kingdom,London,Led U.S. delegation to attend the NATO Leaders Meeting.,US State Dept Office of the Historian,United States,2019,,True
Donald J. Trump,2020-01-21,2020-01-22,Switzerland,Davos,Attended the 2020 World Economic Forum.,US State Dept Office of the Historian,United States,2020,,True
Donald J. Trump,2020-02-24,2020-02-25,India,New Delhi,Met with Prime Minister Narendra Modi.,US State Dept Office of the Historian,United States,2020,diplomatic_engagement,True
Joseph R. Biden,2021-06-09,2021-06-13,United Kingdom,"London, Cornwall",Met with Prime Minister Boris Johnson and Queen Elizabeth II. Attended the G7 Summit.,US State Dept Office of the Historian,United States,2021,diplomatic_engagement,True
Joseph R. Biden,2021-06-13,2021-06-15,Belgium,Brussels,Met with King Philippe and Prime Minister Alexander De Croo. Attended the NATO Summit.,US State Dept Office of the Historian,United States,2021,diplomatic_engagement,True
Joseph R. Biden,2021-06-15,2021-06-16,Switzerland,Geneva,Met with President Guy Parmelin and Foreign Minister Ignazio Cassis. Attended a summit meeting with Russian President Vladimir Putin.,US State Dept Office of the Historian,United States,2021,diplomatic_engagement,True
Joseph R. Biden,2021-10-29,2021-10-29,Vatican City,,Met with Pope Francis.,US State Dept Office of the Historian,United States,2021,,True
Joseph R. Biden,2021-10-29,2021-11-01,Italy,Rome,"Attended the G20 Leader's Summit. Met with Prime Minister Mario Draghi, President Emmanuel Macron, Chancellor Angela Merkel, and Prime Minister Boris Johnson.",US State Dept Office of the Historian,United States,2021,diplomatic_engagement,True
Joseph R. Biden,2021-11-01,2021-11-02,United Kingdom,Glasgow,Attended the United Nations Climate Change Conference.,US State Dept Office of the Historian,United States,2021,,True
Joseph R. Biden,2021-11-01,2021-11-02,United Kingdom,Glasgow,"Attended World Leader Summit at the start of the COP26, the 26th Conference of the Parties to the U.N. Framework Convention on Climate Change.",US State Dept Office of the Historian,United States,2021,,True
Joseph R. Biden,2022-03-24,2022-03-25,Belgium,Brussels,Attended the NATO Extraordinary Summit.,US State Dept Office of the Historian,United States,2022,diplomatic_engagement,True
Joseph R. Biden,2022-03-25,2022-03-26,Poland,"Rzeszow, Warsaw",Met with President Andrzej Duda.,US State Dept Office of the Historian,United States,2022,diplomatic_engagement,True
Joseph R. Biden,2022-03-26,2022-03-26,United Kingdom,Mildenhall,Briefly stopped at RAF Mildenhall to visit troops as Air Force One was being refueled.,Wikipedia (supplement),United States,2022,stopover;military_base,False
Joseph R. Biden,2022-05-19,2022-05-21,"Korea, South",Seoul,Met with President Yoon Suk Yeol.,US State Dept Office of the Historian,United States,2022,diplomatic_engagement,True
Joseph R. Biden,2022-05-21,2022-05-24,Japan,Tokyo,Met with Japanese Prime Minister Kishida Fumio and attended the Quad Leaders’ Summit.,US State Dept Office of the Historian,United States,2022,diplomatic_engagement,True
Joseph R. Biden,2022-06-25,2022-06-28,Germany,Schloss Elmau,Attended the G7 Leaders’ Summit.,US State Dept Office of the Historian,United States,2022,diplomatic_engagement,True
Joseph R. Biden,2022-06-28,2022-06-30,Spain,Madrid,Met with Prime Minister Pedro Sánchez Perez-Castejon and participated in the Madrid NATO Summit.,US State Dept Office of the Historian,United States,2022,diplomatic_engagement,True
Joseph R. Biden,2022-07-13,2022-07-15,Israel,Jerusalem,Consulted with regional partners.,US State Dept Office of the Historian,United States,2022,,True
Joseph R. Biden,2022-07-15,2022-07-15,West Bank,Ramallah,Consulted with regional partners.,US State Dept Office of the Historian,United States,2022,,True
Joseph R. Biden,2022-07-15,2022-07-16,Saudi Arabia,Jeddah,Met with King Salman bin Abd al-Aziz Al Saud and Crown Prince Muhammad bin Salman bin Abd al-Aziz Al Saud. Attended Summit of the Gulf Cooperation Council.,US State Dept Office of the Historian,United States,2022,diplomatic_engagement,True
Joseph R. Biden,2022-07-16,2022-07-16,United Kingdom,Mildenhall,Briefly stopped at RAF Mildenhall to refuel Air Force One.,Wikipedia (supplement),United States,2022,stopover;military_base,False
Joseph R. Biden,2022-09-17,2022-09-19,United Kingdom,London,"Paid respects at the Queen's lying in state, met with the new King Charles III at a reception at Buckingham Palace and attended the state funeral of Queen Elizabeth II at Westminster Abbey.",Wikipedia (supplement),United States,2022,diplomatic_engagement,True
Joseph R. Biden,2022-11-11,2022-11-11,Egypt,Sharm el-Sheikh,Attended the 2022 United Nations Climate Change Conference.,US State Dept Office of the Historian,United States,2022,,True
Joseph R. Biden,2022-11-12,2022-11-13,Cambodia,Phnom Penh,Participated in the U.S.-ASEAN and East Asia Summits.,US State Dept Office of the Historian,United States,2022,,True
Joseph R. Biden,2022-11-13,2022-11-16,Indonesia,Bali,Participated in the G20 Leaders’ Summit.,US State Dept Office of the Historian,United States,2022,,True
Joseph R. Biden,2023-01-08,2023-01-10,Mexico,Mexico City,Attended the North American Leaders' Summit.,US State Dept Office of the Historian,United States,2023,diplomatic_engagement,True
Joseph R. Biden,2023-02-20,2023-02-20,Ukraine,Kyiv,Met with President Zelensky to mark the one-year anniversary of Russia’s invasion of Ukraine.,US State Dept Office of the Historian,United States,2023,diplomatic_engagement,True
Joseph R. Biden,2023-02-21,2023-02-22,Poland,Warsaw,Met with President Andrzej Duda and attended summit with leaders of the Bucharest Nine Eastern Flank NATO Allies and NATO Secretary General Jens Stoltenberg.,US State Dept Office of the Historian,United States,2023,diplomatic_engagement,True
Joseph R. Biden,2023-03-23,2023-03-24,Canada,Ottawa,Met with Governor General Mary Simon and Prime Minister Justin Trudeau. Addressed a joint session of the Canadian Parliament.,Wikipedia (supplement),United States,2023,,True
Joseph R. Biden,2023-04-11,2023-04-12,United Kingdom,Belfast,Commemorated the 25th Anniversary of the Belfast/Good Friday Agreement.,US State Dept Office of the Historian,United States,2023,,True
Joseph R. Biden,2023-04-12,2023-04-14,Ireland,Dublin,Met with Prime Minister Leo Varadkar and President Michael D. Higgins.,US State Dept Office of the Historian,United States,2023,diplomatic_engagement,True
Joseph R. Biden,2023-05-18,2023-05-21,Japan,Hiroshima,Attended the G7 Summit and participated in other bilateral and multilateral meetings.,US State Dept Office of the Historian,United States,2023,diplomatic_engagement,True
Joseph R. Biden,2023-07-09,2023-07-10,United Kingdom,London,Met with Prime Minister Rishi Sunak and King Charles III.,US State Dept Office of the Historian,United States,2023,diplomatic_engagement,True
Joseph R. Biden,2023-07-11,2023-07-12,Lithuania,Vilnius,Attended NATO Summit.,US State Dept Office of the Historian,United States,2023,,True
Joseph R. Biden,2023-07-13,2023-07-13,Finland,Helsinki,"Met with the President of Finland and the Prime Ministers of Denmark, Iceland, Norway, and Sweden for the third U.S.-Nordic Leaders’ Summit",US State Dept Office of the Historian,United States,2023,,True
Joseph R. Biden,2023-09-07,2023-09-10,India,New Delhi,Met with Prime Minister Narendra Modi and attended the G20 Leaders' Summit.,US State Dept Office of the Historian,United States,2023,diplomatic_engagement,True
Joseph R. Biden,2023-09-10,2023-09-11,Vietnam,Hanoi,Met with President Vo Van Thuong and Prime Minister Pham Minh Chinh.,US State Dept Office of the Historian,United States,2023,diplomatic_engagement,True
Joseph R. Biden,2023-10-18,2023-10-18,Israel,Tel Aviv,Met with Prime Minister Benjamin Netanyahu.,US State Dept Office of the Historian,United States,2023,diplomatic_engagement,True
Joseph R. Biden,2024-06-04,2024-06-09,France,"Normandy, Paris",Commemorated the 80th anniversary of the D-Day landing at Normandy in World War II as part of a State Visit. He also met with President Volodymyr Zelenskyy of Ukraine.,US State Dept Office of the Historian,United States,2024,diplomatic_engagement,True
Joseph R. Biden,2024-06-13,2024-06-14,Italy,"Savelletri, Fasano, Apulia",Attended the G7 Leaders’ Summit.,US State Dept Office of the Historian,United States,2024,diplomatic_engagement,True
Joseph R. Biden,2024-10-17,2024-10-18,Germany,Berlin,Met with Chancellor Olaf Scholz.,US State Dept Office of the Historian,United States,2024,diplomatic_engagement,True
Joseph R. Biden,2024-11-15,2024-11-17,Peru,Lima,Met with President Dina Boluarte and with President Xi Jinping of China.,US State Dept Office of the Historian,United States,2024,diplomatic_engagement,True
Joseph R. Biden,2024-11-18,2024-11-19,Brazil,"Manaus, Rio de Janeiro",Participated in the G20 Leaders’ Summit.,US State Dept Office of the Historian,United States,2024,,True
Joseph R. Biden,2024-12-02,2024-12-04,Angola,Luanda,Met with President João Lourenço.,US State Dept Office of the Historian,United States,2024,diplomatic_engagement,True
Joseph R. Biden,2024-12-02,2024-12-02,Cape Verde,Sal,"Briefly stopped at Amílcar Cabral International Airport, becoming the first sitting US president to visit the country. Met with Prime Minister Ulisses Correia e Silva.",Wikipedia (supplement),United States,2024,stopover;diplomatic_engagement,True
Donald J. Trump,2025-04-25,2025-04-26,Italy,Rome,"Transited through Italy to Vatican City for the funeral of Pope Francis. Spent the night at Villa Taverna, the residence of the U.S. ambassador to Italy.",Wikipedia (supplement),United States,2025,stopover,False
Donald J. Trump,2025-04-26,2025-04-26,Vatican City State,Vatican City,Attended the funeral of Pope Francis at St. Peter's Square.,Wikipedia (supplement),United States,2025,diplomatic_engagement,True
Donald J. Trump,2025-05-13,2025-05-14,Saudi Arabia,Riyadh,"Main article: May 2025 visit by Donald Trump to the Middle East Met with Crown Prince Mohammed bin Salman and King Salman. Visited The Royal Court Palace and At-Turaif World Heritage Site for Saudi State dinner. Participated in a Saudi-U.S. Investment Forum at the King Abdulaziz Conference Center. Attended the GCC Summit. Also met with Syrian president Ahmed al-Sharaa, becoming the first sitting U",Wikipedia (supplement),United States,2025,diplomatic_engagement,True
Donald J. Trump,2025-05-14,2025-05-15,Qatar,Doha,Met with Emir Tamim bin Hamad Al Thani at the Amiri Diwan. Visited Lusail Palace for Qatari State dinner. Delivered remarks with troops at Al Udeid Air Base.,Wikipedia (supplement),United States,2025,military_base;diplomatic_engagement,True
Donald J. Trump,2025-05-15,2025-05-16,United Arab Emirates,Abu Dhabi,Visited the Sheikh Zayed Grand Mosque. Met with President Mohamed bin Zayed Al Nahyan at Qasr Al Watan. Also visited the Abrahamic Family House. Trump made a refueling stop at RAF Mildenhall in the United Kingdom enroute back to the United States.,Wikipedia (supplement),United States,2025,stopover;military_base;diplomatic_engagement,True
Donald J. Trump,2025-06-15,2025-06-16,Canada,Kananaskis,"Attended the 51st G7 summit. Held bilateral meetings with Prime Minister Mark Carney, German chancellor Friedrich Merz and British prime minister Keir Starmer. Trump left the summit a day early.",Wikipedia (supplement),United States,2025,diplomatic_engagement,True
Donald J. Trump,2025-06-24,2025-06-25,Netherlands,The Hague,Attended the 35th NATO summit at the World Forum. Met with King Willem-Alexander and Queen Máxima at Huis ten Bosch. Held bilateral meetings with Prime Minister Dick Schoof and NATO Secretary General Mark Rutte.,Wikipedia (supplement),United States,2025,diplomatic_engagement,True
Donald J. Trump,2025-07-25,2025-07-29,United Kingdom,Turnberry and Aberdeenshire,Made a private trip to Scotland and visited his golf course in Turnberry as well as his property in Aberdeenshire. He met with European Commission president Ursula von der Leyen and successfully reached a trade deal with the European Union. He also met with Prime Minister Keir Starmer to finalize a trade agreement between the United States and the United Kingdom. Trump had a private dinner with th,Wikipedia (supplement),United States,2025,private;diplomatic_engagement,True
Donald J. Trump,2025-09-16,2025-09-18,United Kingdom,"Windsor, London, Chequers","Main article: 2025 state visit by Donald Trump to the United Kingdom State Visit. Met with King Charles III, Queen Camilla, Prince William, and Princess Catherine at Windsor Castle and Prime Minister Keir Starmer at Chequers. Visited tomb of Queen Elizabeth II at the King George VI Memorial Chapel at St George's Chapel.",Wikipedia (supplement),United States,2025,diplomatic_engagement,True
Donald J. Trump,2025-10-13,2025-10-13,Israel,Jerusalem,"Met with Prime Minister Benjamin Netanyahu, in order to finalize a Gaza hostages-for-ceasefire deal. Also met with hostage families and addressed the Knesset.",Wikipedia (supplement),United States,2025,diplomatic_engagement,True
Donald J. Trump,2025-10-13,2025-10-13,Egypt,Sharm El Sheikh,Attended a Middle East Peace Ceremony at the Tonino Lamborghini International Convention Center in order to finalize a Gaza hostages-for-ceasefire deal.,Wikipedia (supplement),United States,2025,,True
Donald J. Trump,2025-10-25,2025-10-25,Qatar,Al Udeid Air Base,"During a refueling stop en route to Malaysia, attended a bilateral meeting with Emir Tamim bin Hamad Al Thani and Prime Minister Mohammed bin Abdulrahman bin Jassim Al Thani.",Wikipedia (supplement),United States,2025,stopover;diplomatic_engagement,True
Donald J. Trump,2025-10-26,2025-10-27,Malaysia,Kuala Lumpur,"Attended the 47th ASEAN summit. Also attended the signing ceremony of a Kuala Lumpur Peace Accord with Cambodian prime minister Hun Manet and Thai prime minister Anutin Charnvirakul at the Kuala Lumpur Convention Centre. Met with Prime Minister Anwar Ibrahim, Vietnamese prime minister Phạm Minh Chính and Brazilian president Luiz Inácio Lula da Silva.",Wikipedia (supplement),United States,2025,diplomatic_engagement,True
Donald J. Trump,2025-10-27,2025-10-29,Japan,"Tokyo, Yokosuka",Met with Emperor Naruhito at the Tokyo Imperial Palace and Prime Minister Sanae Takaichi at Akasaka Palace. Visited with troops and delivered remarks on the USS George Washington at Yokosuka Naval Base.,Wikipedia (supplement),United States,2025,diplomatic_engagement,True
Donald J. Trump,2025-10-29,2025-10-30,South Korea,"Gyeongju, Busan","Met with President Lee Jae Myung at the Gyeongju National Museum. Was awarded the Grand Order of Mugunghwa. Delivered remarks at the APEC CEO Luncheon at Gyeongju Arts Center and participated in a U.S.–APEC Leaders Working Dinner at Hilton Hotel Gyeongju. In Busan, President Trump attended the summit meeting with Chinese leader Xi Jinping.",Wikipedia (supplement),United States,2025,diplomatic_engagement,True
Donald J. Trump,2026-01-21,2026-01-22,Switzerland,Davos,Attended the annual meeting of the World Economic Forum.,Wikipedia (supplement),United States,2026,diplomatic_engagement,True
Donald J. Trump,2026-05-13,2026-05-15,China,Beijing,Main article: 2026 state visit by Donald Trump to China State visit. Met with CCP General Secretary and President Xi Jinping.,Wikipedia (supplement),United States,2026,diplomatic_engagement,True
Donald J. Trump,2026-06-15,2026-06-17,France,"Évian-les-Bains, Versailles","Attended the 52nd G7 summit. He held bilateral meetings with French President Emmanuel Macron, Qatari Emir Tamim bin Hamad Al Thani, Emirati President Mohamed bin Zayed Al Nahyan, Egyptian President Abdel Fattah el-Sisi, and Indian Prime Minister Narendra Modi. Attended a dinner with French President Emmanuel Macron at the Palace of Versailles and festivities celebrating the United States Semiquin",Wikipedia (supplement),United States,2026,diplomatic_engagement,True
Donald J. Trump,2026-07-07,2026-07-08,Turkey,Ankara,"Attended the 36th NATO summit at the Presidential Complex of Turkey. He held bilateral meetings with Turkish President Recep Erdoğan, NATO Secretary General Mark Rutte, Ukrainian President Volodymyr Zelenskyy, and Syrian President Ahmed al-Sharaa. On the return trip, President Trump flew an old Air Force One to RAF Mildenhall, where he switched to the newer plane for the remainder of the trip back",Wikipedia (supplement),United States,2026,military_base;diplomatic_engagement,True
